match_id,season,start_date,venue,innings,ball,batting_team,bowling_team,striker,non_striker,bowler,runs_off_bat,extras,wides,noballs,byes,legbyes,penalty,wicket_type,player_dismissed,other_wicket_type,other_player_dismissed
ipl2026m1,2026,2026-03-28,M. Chinnaswamy Stadium,1,1.1,Sunrisers Hyderabad,Royal Challengers Bengaluru,Travis Head,Abhishek Sharma,Jacob Duffy,1,0,0,0,0,0,0,,,,
ipl2026m1,2026,2026-03-28,M. Chinnaswamy Stadium,1,1.2,Sunrisers Hyderabad,Royal Challengers Bengaluru,Travis Head,Abhishek Sharma,Josh Hazlewood,0,0,0,0,0,0,0,,,,
ipl2026m1,2026,2026-03-28,M. Chinnaswamy Stadium,1,1.3,Sunrisers Hyderabad,Royal Challengers Bengaluru,Travis Head,Abhishek Sharma,Mohammed Siraj,1,0,0,0,0,0,0,,,,
ipl2026m1,2026,2026-03-28,M. Chinnaswamy Stadium,1,1.4,Sunrisers Hyderabad,Royal Challengers Bengaluru,Travis Head,Abhishek Sharma,Krunal Pandya,0,0,0,0,0,0,0,,,,
ipl2026m1,2026,2026-03-28,M. Chinnaswamy Stadium,1,1.5,Sunrisers Hyderabad,Royal Challengers Bengaluru,Travis Head,Abhishek Sharma,Glenn Maxwell,0,0,0,0,0,0,0,,,,
ipl2026m1,2026,2026-03-28,M. Chinnaswamy Stadium,1,1.6,Sunrisers Hyderabad,Royal Challengers Bengaluru,Travis Head,Abhishek Sharma,Jacob Duffy,1,0,0,0,0,0,0,,,,
ipl2026m1,2026,2026-03-28,M. Chinnaswamy Stadium,1,2.1,Sunrisers Hyderabad,Royal Challengers Bengaluru,Travis Head,Abhishek Sharma,Josh Hazlewood,1,0,0,0,0,0,0,,,,
ipl2026m1,2026,2026-03-28,M. Chinnaswamy Stadium,1,2.2,Sunrisers Hyderabad,Royal Challengers Bengaluru,Travis Head,Abhishek Sharma,Mohammed Siraj,4,0,0,0,0,0,0,,,,
ipl2026m1,2026,2026-03-28,M. Chinnaswamy Stadium,1,2.3,Sunrisers Hyderabad,Royal Challengers Bengaluru,Travis Head,Abhishek Sharma,Krunal Pandya,1,0,0,0,0,0,0,,,,
ipl2026m1,2026,2026-03-28,M. Chinnaswamy Stadium,1,2.4,Sunrisers Hyderabad,Royal Challengers Bengaluru,Travis Head,Abhishek Sharma,Glenn Maxwell,1,0,0,0,0,0,0,,,,
ipl2026m1,2026,2026-03-28,M. Chinnaswamy Stadium,1,2.5,Sunrisers Hyderabad,Royal Challengers Bengaluru,Travis Head,Abhishek Sharma,Jacob Duffy,1,0,0,0,0,0,0,,,,
ipl2026m1,2026,2026-03-28,M. Chinnaswamy Stadium,1,2.6,Sunrisers Hyderabad,Royal Challengers Bengaluru,Travis Head,Abhishek Sharma,Josh Hazlewood,4,0,0,0,0,0,0,,,,
ipl2026m1,2026,2026-03-28,M. Chinnaswamy Stadium,1,3.1,Sunrisers Hyderabad,Royal Challengers Bengaluru,Travis Head,Abhishek Sharma,Mohammed Siraj,1,0,0,0,0,0,0,,,,
ipl2026m1,2026,2026-03-28,M. Chinnaswamy Stadium,1,3.2,Sunrisers Hyderabad,Royal Challengers Bengaluru,Travis Head,Abhishek Sharma,Krunal Pandya,1,0,0,0,0,0,0,,,,
ipl2026m1,2026,2026-03-28,M. Chinnaswamy Stadium,1,3.3,Sunrisers Hyderabad,Royal Challengers Bengaluru,Travis Head,Abhishek Sharma,Glenn Maxwell,4,0,0,0,0,0,0,,,,
ipl2026m1,2026,2026-03-28,M. Chinnaswamy Stadium,1,3.4,Sunrisers Hyderabad,Royal Challengers Bengaluru,Travis Head,Abhishek Sharma,Jacob Duffy,1,0,0,0,0,0,0,,,,
ipl2026m1,2026,2026-03-28,M. Chinnaswamy Stadium,1,3.5,Sunrisers Hyderabad,Royal Challengers Bengaluru,Travis Head,Abhishek Sharma,Josh Hazlewood,1,0,0,0,0,0,0,,,,
ipl2026m1,2026,2026-03-28,M. Chinnaswamy Stadium,1,3.6,Sunrisers Hyderabad,Royal Challengers Bengaluru,Travis Head,Abhishek Sharma,Mohammed Siraj,1,0,0,0,0,0,0,,,,
ipl2026m1,2026,2026-03-28,M. Chinnaswamy Stadium,1,4.1,Sunrisers Hyderabad,Royal Challengers Bengaluru,Travis Head,Abhishek Sharma,Krunal Pandya,1,0,0,0,0,0,0,,,,
ipl2026m1,2026,2026-03-28,M. Chinnaswamy Stadium,1,4.2,Sunrisers Hyderabad,Royal Challengers Bengaluru,Travis Head,Abhishek Sharma,Glenn Maxwell,0,0,0,0,0,0,0,,,,
ipl2026m1,2026,2026-03-28,M. Chinnaswamy Stadium,1,4.3,Sunrisers Hyderabad,Royal Challengers Bengaluru,Travis Head,Abhishek Sharma,Jacob Duffy,1,0,0,0,0,0,0,,,,
ipl2026m1,2026,2026-03-28,M. Chinnaswamy Stadium,1,4.4,Sunrisers Hyderabad,Royal Challengers Bengaluru,Travis Head,Abhishek Sharma,Josh Hazlewood,1,0,0,0,0,0,0,,,,
ipl2026m1,2026,2026-03-28,M. Chinnaswamy Stadium,1,4.5,Sunrisers Hyderabad,Royal Challengers Bengaluru,Travis Head,Abhishek Sharma,Mohammed Siraj,6,0,0,0,0,0,0,,,,
ipl2026m1,2026,2026-03-28,M. Chinnaswamy Stadium,1,4.6,Sunrisers Hyderabad,Royal Challengers Bengaluru,Travis Head,Abhishek Sharma,Krunal Pandya,0,0,0,0,0,0,0,,,,
ipl2026m1,2026,2026-03-28,M. Chinnaswamy Stadium,1,5.1,Sunrisers Hyderabad,Royal Challengers Bengaluru,Travis Head,Abhishek Sharma,Glenn Maxwell,1,0,0,0,0,0,0,,,,
ipl2026m1,2026,2026-03-28,M. Chinnaswamy Stadium,1,5.2,Sunrisers Hyderabad,Royal Challengers Bengaluru,Travis Head,Abhishek Sharma,Jacob Duffy,1,0,0,0,0,0,0,,,,
ipl2026m1,2026,2026-03-28,M. Chinnaswamy Stadium,1,5.3,Sunrisers Hyderabad,Royal Challengers Bengaluru,Travis Head,Abhishek Sharma,Josh Hazlewood,6,0,0,0,0,0,0,,,,
ipl2026m1,2026,2026-03-28,M. Chinnaswamy Stadium,1,5.4,Sunrisers Hyderabad,Royal Challengers Bengaluru,Travis Head,Abhishek Sharma,Mohammed Siraj,0,0,0,0,0,0,0,,,,
ipl2026m1,2026,2026-03-28,M. Chinnaswamy Stadium,1,5.5,Sunrisers Hyderabad,Royal Challengers Bengaluru,Travis Head,Abhishek Sharma,Krunal Pandya,1,0,0,0,0,0,0,,,,
ipl2026m1,2026,2026-03-28,M. Chinnaswamy Stadium,1,5.6,Sunrisers Hyderabad,Royal Challengers Bengaluru,Travis Head,Abhishek Sharma,Glenn Maxwell,1,0,0,0,0,0,0,,,,
ipl2026m1,2026,2026-03-28,M. Chinnaswamy Stadium,1,6.1,Sunrisers Hyderabad,Royal Challengers Bengaluru,Travis Head,Abhishek Sharma,Jacob Duffy,1,0,0,0,0,0,0,,,,
ipl2026m1,2026,2026-03-28,M. Chinnaswamy Stadium,1,6.2,Sunrisers Hyderabad,Royal Challengers Bengaluru,Travis Head,Abhishek Sharma,Josh Hazlewood,4,0,0,0,0,0,0,,,,
ipl2026m1,2026,2026-03-28,M. Chinnaswamy Stadium,1,6.3,Sunrisers Hyderabad,Royal Challengers Bengaluru,Travis Head,Abhishek Sharma,Mohammed Siraj,1,0,0,0,0,0,0,,,,
ipl2026m1,2026,2026-03-28,M. Chinnaswamy Stadium,1,6.4,Sunrisers Hyderabad,Royal Challengers Bengaluru,Travis Head,Abhishek Sharma,Krunal Pandya,1,0,0,0,0,0,0,,,,
ipl2026m1,2026,2026-03-28,M. Chinnaswamy Stadium,1,6.5,Sunrisers Hyderabad,Royal Challengers Bengaluru,Travis Head,Abhishek Sharma,Glenn Maxwell,1,0,0,0,0,0,0,,,,
ipl2026m1,2026,2026-03-28,M. Chinnaswamy Stadium,1,6.6,Sunrisers Hyderabad,Royal Challengers Bengaluru,Travis Head,Abhishek Sharma,Jacob Duffy,1,0,0,0,0,0,0,,,,
ipl2026m1,2026,2026-03-28,M. Chinnaswamy Stadium,1,7.1,Sunrisers Hyderabad,Royal Challengers Bengaluru,Travis Head,Abhishek Sharma,Josh Hazlewood,6,0,0,0,0,0,0,,,,
ipl2026m1,2026,2026-03-28,M. Chinnaswamy Stadium,1,7.2,Sunrisers Hyderabad,Royal Challengers Bengaluru,Travis Head,Abhishek Sharma,Jacob Duffy,4,0,0,0,0,0,0,bowled,Travis Head,,
ipl2026m1,2026,2026-03-28,M. Chinnaswamy Stadium,1,7.3,Sunrisers Hyderabad,Royal Challengers Bengaluru,Abhishek Sharma,Travis Head,Krunal Pandya,1,0,0,0,0,0,0,,,,
ipl2026m1,2026,2026-03-28,M. Chinnaswamy Stadium,1,7.4,Sunrisers Hyderabad,Royal Challengers Bengaluru,Abhishek Sharma,Travis Head,Glenn Maxwell,1,0,0,0,0,0,0,,,,
ipl2026m1,2026,2026-03-28,M. Chinnaswamy Stadium,1,7.5,Sunrisers Hyderabad,Royal Challengers Bengaluru,Abhishek Sharma,Travis Head,Jacob Duffy,0,0,0,0,0,0,0,,,,
ipl2026m1,2026,2026-03-28,M. Chinnaswamy Stadium,1,7.6,Sunrisers Hyderabad,Royal Challengers Bengaluru,Abhishek Sharma,Travis Head,Josh Hazlewood,1,0,0,0,0,0,0,,,,
ipl2026m1,2026,2026-03-28,M. Chinnaswamy Stadium,1,8.1,Sunrisers Hyderabad,Royal Challengers Bengaluru,Abhishek Sharma,Travis Head,Mohammed Siraj,1,0,0,0,0,0,0,,,,
ipl2026m1,2026,2026-03-28,M. Chinnaswamy Stadium,1,8.2,Sunrisers Hyderabad,Royal Challengers Bengaluru,Abhishek Sharma,Travis Head,Krunal Pandya,4,0,0,0,0,0,0,,,,
ipl2026m1,2026,2026-03-28,M. Chinnaswamy Stadium,1,8.3,Sunrisers Hyderabad,Royal Challengers Bengaluru,Abhishek Sharma,Travis Head,Glenn Maxwell,0,0,0,0,0,0,0,,,,
ipl2026m1,2026,2026-03-28,M. Chinnaswamy Stadium,1,8.4,Sunrisers Hyderabad,Royal Challengers Bengaluru,Abhishek Sharma,Travis Head,Jacob Duffy,1,0,0,0,0,0,0,,,,
ipl2026m1,2026,2026-03-28,M. Chinnaswamy Stadium,1,8.5,Sunrisers Hyderabad,Royal Challengers Bengaluru,Abhishek Sharma,Travis Head,Josh Hazlewood,0,0,0,0,0,0,0,,,,
ipl2026m1,2026,2026-03-28,M. Chinnaswamy Stadium,1,8.6,Sunrisers Hyderabad,Royal Challengers Bengaluru,Abhishek Sharma,Travis Head,Mohammed Siraj,1,0,0,0,0,0,0,,,,
ipl2026m1,2026,2026-03-28,M. Chinnaswamy Stadium,1,9.1,Sunrisers Hyderabad,Royal Challengers Bengaluru,Abhishek Sharma,Travis Head,Krunal Pandya,4,0,0,0,0,0,0,,,,
ipl2026m1,2026,2026-03-28,M. Chinnaswamy Stadium,1,9.2,Sunrisers Hyderabad,Royal Challengers Bengaluru,Abhishek Sharma,Travis Head,Jacob Duffy,1,0,0,0,0,0,0,caught,Abhishek Sharma,,
ipl2026m1,2026,2026-03-28,M. Chinnaswamy Stadium,1,9.3,Sunrisers Hyderabad,Royal Challengers Bengaluru,Rassie van der Dussen,Abhishek Sharma,Jacob Duffy,1,0,0,0,0,0,0,,,,
ipl2026m1,2026,2026-03-28,M. Chinnaswamy Stadium,1,9.4,Sunrisers Hyderabad,Royal Challengers Bengaluru,Rassie van der Dussen,Abhishek Sharma,Josh Hazlewood,4,0,0,0,0,0,0,,,,
ipl2026m1,2026,2026-03-28,M. Chinnaswamy Stadium,1,9.5,Sunrisers Hyderabad,Royal Challengers Bengaluru,Rassie van der Dussen,Abhishek Sharma,Mohammed Siraj,1,0,0,0,0,0,0,,,,
ipl2026m1,2026,2026-03-28,M. Chinnaswamy Stadium,1,9.6,Sunrisers Hyderabad,Royal Challengers Bengaluru,Rassie van der Dussen,Abhishek Sharma,Krunal Pandya,0,0,0,0,0,0,0,,,,
ipl2026m1,2026,2026-03-28,M. Chinnaswamy Stadium,1,10.1,Sunrisers Hyderabad,Royal Challengers Bengaluru,Rassie van der Dussen,Abhishek Sharma,Glenn Maxwell,1,0,0,0,0,0,0,,,,
ipl2026m1,2026,2026-03-28,M. Chinnaswamy Stadium,1,10.2,Sunrisers Hyderabad,Royal Challengers Bengaluru,Rassie van der Dussen,Abhishek Sharma,Jacob Duffy,1,0,0,0,0,0,0,,,,
ipl2026m1,2026,2026-03-28,M. Chinnaswamy Stadium,1,10.3,Sunrisers Hyderabad,Royal Challengers Bengaluru,Rassie van der Dussen,Abhishek Sharma,Josh Hazlewood,1,0,0,0,0,0,0,,,,
ipl2026m1,2026,2026-03-28,M. Chinnaswamy Stadium,1,10.4,Sunrisers Hyderabad,Royal Challengers Bengaluru,Rassie van der Dussen,Abhishek Sharma,Mohammed Siraj,1,0,0,0,0,0,0,,,,
ipl2026m1,2026,2026-03-28,M. Chinnaswamy Stadium,1,10.5,Sunrisers Hyderabad,Royal Challengers Bengaluru,Rassie van der Dussen,Abhishek Sharma,Krunal Pandya,1,0,0,0,0,0,0,,,,
ipl2026m1,2026,2026-03-28,M. Chinnaswamy Stadium,1,10.6,Sunrisers Hyderabad,Royal Challengers Bengaluru,Rassie van der Dussen,Abhishek Sharma,Glenn Maxwell,0,0,0,0,0,0,0,,,,
ipl2026m1,2026,2026-03-28,M. Chinnaswamy Stadium,1,11.1,Sunrisers Hyderabad,Royal Challengers Bengaluru,Rassie van der Dussen,Abhishek Sharma,Jacob Duffy,4,0,0,0,0,0,0,,,,
ipl2026m1,2026,2026-03-28,M. Chinnaswamy Stadium,1,11.2,Sunrisers Hyderabad,Royal Challengers Bengaluru,Rassie van der Dussen,Abhishek Sharma,Josh Hazlewood,4,0,0,0,0,0,0,,,,
ipl2026m1,2026,2026-03-28,M. Chinnaswamy Stadium,1,11.3,Sunrisers Hyderabad,Royal Challengers Bengaluru,Rassie van der Dussen,Abhishek Sharma,Mohammed Siraj,0,0,0,0,0,0,0,,,,
ipl2026m1,2026,2026-03-28,M. Chinnaswamy Stadium,1,11.4,Sunrisers Hyderabad,Royal Challengers Bengaluru,Rassie van der Dussen,Abhishek Sharma,Krunal Pandya,1,0,0,0,0,0,0,,,,
ipl2026m1,2026,2026-03-28,M. Chinnaswamy Stadium,1,11.5,Sunrisers Hyderabad,Royal Challengers Bengaluru,Rassie van der Dussen,Abhishek Sharma,Glenn Maxwell,0,0,0,0,0,0,0,,,,
ipl2026m1,2026,2026-03-28,M. Chinnaswamy Stadium,1,11.6,Sunrisers Hyderabad,Royal Challengers Bengaluru,Rassie van der Dussen,Abhishek Sharma,Jacob Duffy,1,0,0,0,0,0,0,,,,
ipl2026m1,2026,2026-03-28,M. Chinnaswamy Stadium,1,12.1,Sunrisers Hyderabad,Royal Challengers Bengaluru,Rassie van der Dussen,Abhishek Sharma,Josh Hazlewood,1,0,0,0,0,0,0,,,,
ipl2026m1,2026,2026-03-28,M. Chinnaswamy Stadium,1,12.2,Sunrisers Hyderabad,Royal Challengers Bengaluru,Rassie van der Dussen,Abhishek Sharma,Josh Hazlewood,0,0,0,0,0,0,0,lbw,Rassie van der Dussen,,
ipl2026m1,2026,2026-03-28,M. Chinnaswamy Stadium,1,12.3,Sunrisers Hyderabad,Royal Challengers Bengaluru,Heinrich Klaasen,Pat Cummins,Krunal Pandya,1,0,0,0,0,0,0,,,,
ipl2026m1,2026,2026-03-28,M. Chinnaswamy Stadium,1,12.4,Sunrisers Hyderabad,Royal Challengers Bengaluru,Heinrich Klaasen,Pat Cummins,Glenn Maxwell,6,0,0,0,0,0,0,,,,
ipl2026m1,2026,2026-03-28,M. Chinnaswamy Stadium,1,12.5,Sunrisers Hyderabad,Royal Challengers Bengaluru,Heinrich Klaasen,Pat Cummins,Jacob Duffy,1,0,0,0,0,0,0,,,,
ipl2026m1,2026,2026-03-28,M. Chinnaswamy Stadium,1,12.6,Sunrisers Hyderabad,Royal Challengers Bengaluru,Heinrich Klaasen,Pat Cummins,Josh Hazlewood,1,0,0,0,0,0,0,,,,
ipl2026m1,2026,2026-03-28,M. Chinnaswamy Stadium,1,13.1,Sunrisers Hyderabad,Royal Challengers Bengaluru,Heinrich Klaasen,Pat Cummins,Mohammed Siraj,0,0,0,0,0,0,0,,,,
ipl2026m1,2026,2026-03-28,M. Chinnaswamy Stadium,1,13.2,Sunrisers Hyderabad,Royal Challengers Bengaluru,Heinrich Klaasen,Pat Cummins,Krunal Pandya,1,0,0,0,0,0,0,,,,
ipl2026m1,2026,2026-03-28,M. Chinnaswamy Stadium,1,13.3,Sunrisers Hyderabad,Royal Challengers Bengaluru,Heinrich Klaasen,Pat Cummins,Glenn Maxwell,1,0,0,0,0,0,0,,,,
ipl2026m1,2026,2026-03-28,M. Chinnaswamy Stadium,1,13.4,Sunrisers Hyderabad,Royal Challengers Bengaluru,Heinrich Klaasen,Pat Cummins,Jacob Duffy,0,0,0,0,0,0,0,,,,
ipl2026m1,2026,2026-03-28,M. Chinnaswamy Stadium,1,13.5,Sunrisers Hyderabad,Royal Challengers Bengaluru,Heinrich Klaasen,Pat Cummins,Josh Hazlewood,4,0,0,0,0,0,0,,,,
ipl2026m1,2026,2026-03-28,M. Chinnaswamy Stadium,1,13.6,Sunrisers Hyderabad,Royal Challengers Bengaluru,Heinrich Klaasen,Pat Cummins,Mohammed Siraj,6,0,0,0,0,0,0,,,,
ipl2026m1,2026,2026-03-28,M. Chinnaswamy Stadium,1,14.1,Sunrisers Hyderabad,Royal Challengers Bengaluru,Heinrich Klaasen,Pat Cummins,Krunal Pandya,1,0,0,0,0,0,0,,,,
ipl2026m1,2026,2026-03-28,M. Chinnaswamy Stadium,1,14.2,Sunrisers Hyderabad,Royal Challengers Bengaluru,Heinrich Klaasen,Pat Cummins,Glenn Maxwell,0,0,0,0,0,0,0,,,,
ipl2026m1,2026,2026-03-28,M. Chinnaswamy Stadium,1,14.3,Sunrisers Hyderabad,Royal Challengers Bengaluru,Heinrich Klaasen,Pat Cummins,Jacob Duffy,1,0,0,0,0,0,0,,,,
ipl2026m1,2026,2026-03-28,M. Chinnaswamy Stadium,1,14.4,Sunrisers Hyderabad,Royal Challengers Bengaluru,Heinrich Klaasen,Pat Cummins,Josh Hazlewood,1,0,0,0,0,0,0,,,,
ipl2026m1,2026,2026-03-28,M. Chinnaswamy Stadium,1,14.5,Sunrisers Hyderabad,Royal Challengers Bengaluru,Heinrich Klaasen,Pat Cummins,Mohammed Siraj,4,0,0,0,0,0,0,,,,
ipl2026m1,2026,2026-03-28,M. Chinnaswamy Stadium,1,14.6,Sunrisers Hyderabad,Royal Challengers Bengaluru,Heinrich Klaasen,Pat Cummins,Krunal Pandya,0,0,0,0,0,0,0,,,,
ipl2026m1,2026,2026-03-28,M. Chinnaswamy Stadium,1,15.1,Sunrisers Hyderabad,Royal Challengers Bengaluru,Heinrich Klaasen,Pat Cummins,Glenn Maxwell,0,0,0,0,0,0,0,,,,
ipl2026m1,2026,2026-03-28,M. Chinnaswamy Stadium,1,15.2,Sunrisers Hyderabad,Royal Challengers Bengaluru,Heinrich Klaasen,Pat Cummins,Jacob Duffy,1,0,0,0,0,0,0,,,,
ipl2026m1,2026,2026-03-28,M. Chinnaswamy Stadium,1,15.3,Sunrisers Hyderabad,Royal Challengers Bengaluru,Heinrich Klaasen,Pat Cummins,Josh Hazlewood,1,0,0,0,0,0,0,caught,Heinrich Klaasen,,
ipl2026m1,2026,2026-03-28,M. Chinnaswamy Stadium,1,15.4,Sunrisers Hyderabad,Royal Challengers Bengaluru,Pat Cummins,Harshal Patel,Mohammed Siraj,0,0,0,0,0,0,0,,,,
ipl2026m1,2026,2026-03-28,M. Chinnaswamy Stadium,1,15.5,Sunrisers Hyderabad,Royal Challengers Bengaluru,Pat Cummins,Harshal Patel,Krunal Pandya,1,0,0,0,0,0,0,,,,
ipl2026m1,2026,2026-03-28,M. Chinnaswamy Stadium,1,15.6,Sunrisers Hyderabad,Royal Challengers Bengaluru,Pat Cummins,Harshal Patel,Glenn Maxwell,0,0,0,0,0,0,0,,,,
ipl2026m1,2026,2026-03-28,M. Chinnaswamy Stadium,1,16.1,Sunrisers Hyderabad,Royal Challengers Bengaluru,Pat Cummins,Harshal Patel,Jacob Duffy,0,0,0,0,0,0,0,,,,
ipl2026m1,2026,2026-03-28,M. Chinnaswamy Stadium,1,16.2,Sunrisers Hyderabad,Royal Challengers Bengaluru,Pat Cummins,Harshal Patel,Josh Hazlewood,1,0,0,0,0,0,0,,,,
ipl2026m1,2026,2026-03-28,M. Chinnaswamy Stadium,1,16.3,Sunrisers Hyderabad,Royal Challengers Bengaluru,Pat Cummins,Harshal Patel,Mohammed Siraj,6,0,0,0,0,0,0,,,,
ipl2026m1,2026,2026-03-28,M. Chinnaswamy Stadium,1,16.4,Sunrisers Hyderabad,Royal Challengers Bengaluru,Pat Cummins,Harshal Patel,Krunal Pandya,0,0,0,0,0,0,0,,,,
ipl2026m1,2026,2026-03-28,M. Chinnaswamy Stadium,1,16.5,Sunrisers Hyderabad,Royal Challengers Bengaluru,Pat Cummins,Harshal Patel,Jacob Duffy,0,0,0,0,0,0,0,bowled,Pat Cummins,,
ipl2026m1,2026,2026-03-28,M. Chinnaswamy Stadium,1,16.6,Sunrisers Hyderabad,Royal Challengers Bengaluru,Harshal Patel,Bhuvneshwar Kumar,Jacob Duffy,1,0,0,0,0,0,0,,,,
ipl2026m1,2026,2026-03-28,M. Chinnaswamy Stadium,1,17.1,Sunrisers Hyderabad,Royal Challengers Bengaluru,Harshal Patel,Bhuvneshwar Kumar,Josh Hazlewood,1,0,0,0,0,0,0,,,,
ipl2026m1,2026,2026-03-28,M. Chinnaswamy Stadium,1,17.2,Sunrisers Hyderabad,Royal Challengers Bengaluru,Harshal Patel,Bhuvneshwar Kumar,Mohammed Siraj,1,0,0,0,0,0,0,,,,
ipl2026m1,2026,2026-03-28,M. Chinnaswamy Stadium,1,17.3,Sunrisers Hyderabad,Royal Challengers Bengaluru,Harshal Patel,Bhuvneshwar Kumar,Krunal Pandya,1,0,0,0,0,0,0,,,,
ipl2026m1,2026,2026-03-28,M. Chinnaswamy Stadium,1,17.4,Sunrisers Hyderabad,Royal Challengers Bengaluru,Harshal Patel,Bhuvneshwar Kumar,Glenn Maxwell,1,0,0,0,0,0,0,,,,
ipl2026m1,2026,2026-03-28,M. Chinnaswamy Stadium,1,17.5,Sunrisers Hyderabad,Royal Challengers Bengaluru,Harshal Patel,Bhuvneshwar Kumar,Jacob Duffy,4,0,0,0,0,0,0,,,,
ipl2026m1,2026,2026-03-28,M. Chinnaswamy Stadium,1,17.6,Sunrisers Hyderabad,Royal Challengers Bengaluru,Harshal Patel,Bhuvneshwar Kumar,Krunal Pandya,1,0,0,0,0,0,0,caught,Harshal Patel,,
ipl2026m1,2026,2026-03-28,M. Chinnaswamy Stadium,2,1.1,Royal Challengers Bengaluru,Sunrisers Hyderabad,Virat Kohli,Phil Salt,Bhuvneshwar Kumar,1,0,0,0,0,0,0,,,,
ipl2026m1,2026,2026-03-28,M. Chinnaswamy Stadium,2,1.2,Royal Challengers Bengaluru,Sunrisers Hyderabad,Virat Kohli,Phil Salt,Pat Cummins,4,0,0,0,0,0,0,,,,
ipl2026m1,2026,2026-03-28,M. Chinnaswamy Stadium,2,1.3,Royal Challengers Bengaluru,Sunrisers Hyderabad,Virat Kohli,Phil Salt,Harshal Patel,6,0,0,0,0,0,0,,,,
ipl2026m1,2026,2026-03-28,M. Chinnaswamy Stadium,2,1.4,Royal Challengers Bengaluru,Sunrisers Hyderabad,Virat Kohli,Phil Salt,Abhishek Sharma,1,0,0,0,0,0,0,,,,
ipl2026m1,2026,2026-03-28,M. Chinnaswamy Stadium,2,1.5,Royal Challengers Bengaluru,Sunrisers Hyderabad,Virat Kohli,Phil Salt,Travis Head,0,0,0,0,0,0,0,,,,
ipl2026m1,2026,2026-03-28,M. Chinnaswamy Stadium,2,1.6,Royal Challengers Bengaluru,Sunrisers Hyderabad,Virat Kohli,Phil Salt,Bhuvneshwar Kumar,0,0,0,0,0,0,0,,,,
ipl2026m1,2026,2026-03-28,M. Chinnaswamy Stadium,2,2.1,Royal Challengers Bengaluru,Sunrisers Hyderabad,Virat Kohli,Phil Salt,Pat Cummins,4,0,0,0,0,0,0,,,,
ipl2026m1,2026,2026-03-28,M. Chinnaswamy Stadium,2,2.2,Royal Challengers Bengaluru,Sunrisers Hyderabad,Virat Kohli,Phil Salt,Harshal Patel,1,0,0,0,0,0,0,,,,
ipl2026m1,2026,2026-03-28,M. Chinnaswamy Stadium,2,2.3,Royal Challengers Bengaluru,Sunrisers Hyderabad,Virat Kohli,Phil Salt,Abhishek Sharma,1,0,0,0,0,0,0,,,,
ipl2026m1,2026,2026-03-28,M. Chinnaswamy Stadium,2,2.4,Royal Challengers Bengaluru,Sunrisers Hyderabad,Virat Kohli,Phil Salt,Travis Head,1,0,0,0,0,0,0,,,,
ipl2026m1,2026,2026-03-28,M. Chinnaswamy Stadium,2,2.5,Royal Challengers Bengaluru,Sunrisers Hyderabad,Virat Kohli,Phil Salt,Bhuvneshwar Kumar,1,0,0,0,0,0,0,,,,
ipl2026m1,2026,2026-03-28,M. Chinnaswamy Stadium,2,2.6,Royal Challengers Bengaluru,Sunrisers Hyderabad,Virat Kohli,Phil Salt,Pat Cummins,1,0,0,0,0,0,0,,,,
ipl2026m1,2026,2026-03-28,M. Chinnaswamy Stadium,2,3.1,Royal Challengers Bengaluru,Sunrisers Hyderabad,Virat Kohli,Phil Salt,Harshal Patel,1,0,0,0,0,0,0,,,,
ipl2026m1,2026,2026-03-28,M. Chinnaswamy Stadium,2,3.2,Royal Challengers Bengaluru,Sunrisers Hyderabad,Virat Kohli,Phil Salt,Abhishek Sharma,0,0,0,0,0,0,0,,,,
ipl2026m1,2026,2026-03-28,M. Chinnaswamy Stadium,2,3.3,Royal Challengers Bengaluru,Sunrisers Hyderabad,Virat Kohli,Phil Salt,Travis Head,1,0,0,0,0,0,0,,,,
ipl2026m1,2026,2026-03-28,M. Chinnaswamy Stadium,2,3.4,Royal Challengers Bengaluru,Sunrisers Hyderabad,Virat Kohli,Phil Salt,Bhuvneshwar Kumar,1,0,0,0,0,0,0,,,,
ipl2026m1,2026,2026-03-28,M. Chinnaswamy Stadium,2,3.5,Royal Challengers Bengaluru,Sunrisers Hyderabad,Virat Kohli,Phil Salt,Pat Cummins,0,0,0,0,0,0,0,,,,
ipl2026m1,2026,2026-03-28,M. Chinnaswamy Stadium,2,3.6,Royal Challengers Bengaluru,Sunrisers Hyderabad,Virat Kohli,Phil Salt,Harshal Patel,1,0,0,0,0,0,0,,,,
ipl2026m1,2026,2026-03-28,M. Chinnaswamy Stadium,2,4.1,Royal Challengers Bengaluru,Sunrisers Hyderabad,Virat Kohli,Phil Salt,Abhishek Sharma,1,0,0,0,0,0,0,,,,
ipl2026m1,2026,2026-03-28,M. Chinnaswamy Stadium,2,4.2,Royal Challengers Bengaluru,Sunrisers Hyderabad,Virat Kohli,Phil Salt,Travis Head,1,0,0,0,0,0,0,,,,
ipl2026m1,2026,2026-03-28,M. Chinnaswamy Stadium,2,4.3,Royal Challengers Bengaluru,Sunrisers Hyderabad,Virat Kohli,Phil Salt,Bhuvneshwar Kumar,0,0,0,0,0,0,0,,,,
ipl2026m1,2026,2026-03-28,M. Chinnaswamy Stadium,2,4.4,Royal Challengers Bengaluru,Sunrisers Hyderabad,Virat Kohli,Phil Salt,Bhuvneshwar Kumar,1,0,0,0,0,0,0,caught,Virat Kohli,,
ipl2026m1,2026,2026-03-28,M. Chinnaswamy Stadium,2,4.5,Royal Challengers Bengaluru,Sunrisers Hyderabad,Phil Salt,Virat Kohli,Harshal Patel,1,0,0,0,0,0,0,,,,
ipl2026m1,2026,2026-03-28,M. Chinnaswamy Stadium,2,4.6,Royal Challengers Bengaluru,Sunrisers Hyderabad,Phil Salt,Virat Kohli,Abhishek Sharma,1,0,0,0,0,0,0,,,,
ipl2026m1,2026,2026-03-28,M. Chinnaswamy Stadium,2,5.1,Royal Challengers Bengaluru,Sunrisers Hyderabad,Phil Salt,Virat Kohli,Travis Head,0,0,0,0,0,0,0,,,,
ipl2026m1,2026,2026-03-28,M. Chinnaswamy Stadium,2,5.2,Royal Challengers Bengaluru,Sunrisers Hyderabad,Phil Salt,Virat Kohli,Bhuvneshwar Kumar,4,0,0,0,0,0,0,,,,
ipl2026m1,2026,2026-03-28,M. Chinnaswamy Stadium,2,5.3,Royal Challengers Bengaluru,Sunrisers Hyderabad,Phil Salt,Virat Kohli,Pat Cummins,1,0,0,0,0,0,0,,,,
ipl2026m1,2026,2026-03-28,M. Chinnaswamy Stadium,2,5.4,Royal Challengers Bengaluru,Sunrisers Hyderabad,Phil Salt,Virat Kohli,Harshal Patel,1,0,0,0,0,0,0,,,,
ipl2026m1,2026,2026-03-28,M. Chinnaswamy Stadium,2,5.5,Royal Challengers Bengaluru,Sunrisers Hyderabad,Phil Salt,Virat Kohli,Abhishek Sharma,1,0,0,0,0,0,0,,,,
ipl2026m1,2026,2026-03-28,M. Chinnaswamy Stadium,2,5.6,Royal Challengers Bengaluru,Sunrisers Hyderabad,Phil Salt,Virat Kohli,Travis Head,1,0,0,0,0,0,0,,,,
ipl2026m1,2026,2026-03-28,M. Chinnaswamy Stadium,2,6.1,Royal Challengers Bengaluru,Sunrisers Hyderabad,Phil Salt,Virat Kohli,Bhuvneshwar Kumar,1,0,0,0,0,0,0,,,,
ipl2026m1,2026,2026-03-28,M. Chinnaswamy Stadium,2,6.2,Royal Challengers Bengaluru,Sunrisers Hyderabad,Phil Salt,Virat Kohli,Pat Cummins,1,0,0,0,0,0,0,lbw,Phil Salt,,
ipl2026m1,2026,2026-03-28,M. Chinnaswamy Stadium,2,6.3,Royal Challengers Bengaluru,Sunrisers Hyderabad,Devdutt Padikkal,Rajat Patidar,Harshal Patel,1,0,0,0,0,0,0,,,,
ipl2026m1,2026,2026-03-28,M. Chinnaswamy Stadium,2,6.4,Royal Challengers Bengaluru,Sunrisers Hyderabad,Devdutt Padikkal,Rajat Patidar,Abhishek Sharma,1,0,0,0,0,0,0,,,,
ipl2026m1,2026,2026-03-28,M. Chinnaswamy Stadium,2,6.5,Royal Challengers Bengaluru,Sunrisers Hyderabad,Devdutt Padikkal,Rajat Patidar,Travis Head,0,0,0,0,0,0,0,,,,
ipl2026m1,2026,2026-03-28,M. Chinnaswamy Stadium,2,6.6,Royal Challengers Bengaluru,Sunrisers Hyderabad,Devdutt Padikkal,Rajat Patidar,Bhuvneshwar Kumar,1,0,0,0,0,0,0,,,,
ipl2026m1,2026,2026-03-28,M. Chinnaswamy Stadium,2,7.1,Royal Challengers Bengaluru,Sunrisers Hyderabad,Devdutt Padikkal,Rajat Patidar,Pat Cummins,0,0,0,0,0,0,0,,,,
ipl2026m1,2026,2026-03-28,M. Chinnaswamy Stadium,2,7.2,Royal Challengers Bengaluru,Sunrisers Hyderabad,Devdutt Padikkal,Rajat Patidar,Harshal Patel,1,0,0,0,0,0,0,,,,
ipl2026m1,2026,2026-03-28,M. Chinnaswamy Stadium,2,7.3,Royal Challengers Bengaluru,Sunrisers Hyderabad,Devdutt Padikkal,Rajat Patidar,Abhishek Sharma,4,0,0,0,0,0,0,,,,
ipl2026m1,2026,2026-03-28,M. Chinnaswamy Stadium,2,7.4,Royal Challengers Bengaluru,Sunrisers Hyderabad,Devdutt Padikkal,Rajat Patidar,Travis Head,6,0,0,0,0,0,0,,,,
ipl2026m1,2026,2026-03-28,M. Chinnaswamy Stadium,2,7.5,Royal Challengers Bengaluru,Sunrisers Hyderabad,Devdutt Padikkal,Rajat Patidar,Bhuvneshwar Kumar,4,0,0,0,0,0,0,,,,
ipl2026m1,2026,2026-03-28,M. Chinnaswamy Stadium,2,7.6,Royal Challengers Bengaluru,Sunrisers Hyderabad,Devdutt Padikkal,Rajat Patidar,Pat Cummins,1,0,0,0,0,0,0,,,,
ipl2026m1,2026,2026-03-28,M. Chinnaswamy Stadium,2,8.1,Royal Challengers Bengaluru,Sunrisers Hyderabad,Devdutt Padikkal,Rajat Patidar,Harshal Patel,4,0,0,0,0,0,0,,,,
ipl2026m1,2026,2026-03-28,M. Chinnaswamy Stadium,2,8.2,Royal Challengers Bengaluru,Sunrisers Hyderabad,Devdutt Padikkal,Rajat Patidar,Abhishek Sharma,1,0,0,0,0,0,0,,,,
ipl2026m1,2026,2026-03-28,M. Chinnaswamy Stadium,2,8.3,Royal Challengers Bengaluru,Sunrisers Hyderabad,Devdutt Padikkal,Rajat Patidar,Travis Head,1,0,0,0,0,0,0,,,,
ipl2026m1,2026,2026-03-28,M. Chinnaswamy Stadium,2,8.4,Royal Challengers Bengaluru,Sunrisers Hyderabad,Devdutt Padikkal,Rajat Patidar,Bhuvneshwar Kumar,0,0,0,0,0,0,0,,,,
ipl2026m1,2026,2026-03-28,M. Chinnaswamy Stadium,2,8.5,Royal Challengers Bengaluru,Sunrisers Hyderabad,Devdutt Padikkal,Rajat Patidar,Pat Cummins,1,0,0,0,0,0,0,,,,
ipl2026m1,2026,2026-03-28,M. Chinnaswamy Stadium,2,8.6,Royal Challengers Bengaluru,Sunrisers Hyderabad,Devdutt Padikkal,Rajat Patidar,Harshal Patel,4,0,0,0,0,0,0,,,,
ipl2026m1,2026,2026-03-28,M. Chinnaswamy Stadium,2,9.1,Royal Challengers Bengaluru,Sunrisers Hyderabad,Devdutt Padikkal,Rajat Patidar,Abhishek Sharma,1,0,0,0,0,0,0,,,,
ipl2026m1,2026,2026-03-28,M. Chinnaswamy Stadium,2,9.2,Royal Challengers Bengaluru,Sunrisers Hyderabad,Devdutt Padikkal,Rajat Patidar,Travis Head,1,0,0,0,0,0,0,,,,
ipl2026m1,2026,2026-03-28,M. Chinnaswamy Stadium,2,9.3,Royal Challengers Bengaluru,Sunrisers Hyderabad,Devdutt Padikkal,Rajat Patidar,Bhuvneshwar Kumar,0,0,0,0,0,0,0,,,,
ipl2026m1,2026,2026-03-28,M. Chinnaswamy Stadium,2,9.4,Royal Challengers Bengaluru,Sunrisers Hyderabad,Devdutt Padikkal,Rajat Patidar,Pat Cummins,1,0,0,0,0,0,0,,,,
ipl2026m1,2026,2026-03-28,M. Chinnaswamy Stadium,2,9.5,Royal Challengers Bengaluru,Sunrisers Hyderabad,Devdutt Padikkal,Rajat Patidar,Harshal Patel,0,0,0,0,0,0,0,,,,
ipl2026m1,2026,2026-03-28,M. Chinnaswamy Stadium,2,9.6,Royal Challengers Bengaluru,Sunrisers Hyderabad,Devdutt Padikkal,Rajat Patidar,Abhishek Sharma,0,0,0,0,0,0,0,,,,
ipl2026m1,2026,2026-03-28,M. Chinnaswamy Stadium,2,10.1,Royal Challengers Bengaluru,Sunrisers Hyderabad,Devdutt Padikkal,Rajat Patidar,Travis Head,0,0,0,0,0,0,0,,,,
ipl2026m1,2026,2026-03-28,M. Chinnaswamy Stadium,2,10.2,Royal Challengers Bengaluru,Sunrisers Hyderabad,Devdutt Padikkal,Rajat Patidar,Bhuvneshwar Kumar,4,0,0,0,0,0,0,,,,
ipl2026m1,2026,2026-03-28,M. Chinnaswamy Stadium,2,10.3,Royal Challengers Bengaluru,Sunrisers Hyderabad,Devdutt Padikkal,Rajat Patidar,Pat Cummins,0,0,0,0,0,0,0,,,,
ipl2026m1,2026,2026-03-28,M. Chinnaswamy Stadium,2,10.4,Royal Challengers Bengaluru,Sunrisers Hyderabad,Devdutt Padikkal,Rajat Patidar,Harshal Patel,1,0,0,0,0,0,0,,,,
ipl2026m1,2026,2026-03-28,M. Chinnaswamy Stadium,2,10.5,Royal Challengers Bengaluru,Sunrisers Hyderabad,Devdutt Padikkal,Rajat Patidar,Abhishek Sharma,6,0,0,0,0,0,0,,,,
ipl2026m1,2026,2026-03-28,M. Chinnaswamy Stadium,2,10.6,Royal Challengers Bengaluru,Sunrisers Hyderabad,Devdutt Padikkal,Rajat Patidar,Travis Head,0,0,0,0,0,0,0,,,,
ipl2026m1,2026,2026-03-28,M. Chinnaswamy Stadium,2,11.1,Royal Challengers Bengaluru,Sunrisers Hyderabad,Devdutt Padikkal,Rajat Patidar,Bhuvneshwar Kumar,1,0,0,0,0,0,0,,,,
ipl2026m1,2026,2026-03-28,M. Chinnaswamy Stadium,2,11.2,Royal Challengers Bengaluru,Sunrisers Hyderabad,Devdutt Padikkal,Rajat Patidar,Pat Cummins,1,0,0,0,0,0,0,,,,
ipl2026m1,2026,2026-03-28,M. Chinnaswamy Stadium,2,11.3,Royal Challengers Bengaluru,Sunrisers Hyderabad,Devdutt Padikkal,Rajat Patidar,Harshal Patel,1,0,0,0,0,0,0,,,,
ipl2026m1,2026,2026-03-28,M. Chinnaswamy Stadium,2,11.4,Royal Challengers Bengaluru,Sunrisers Hyderabad,Devdutt Padikkal,Rajat Patidar,Abhishek Sharma,0,0,0,0,0,0,0,,,,
ipl2026m1,2026,2026-03-28,M. Chinnaswamy Stadium,2,11.5,Royal Challengers Bengaluru,Sunrisers Hyderabad,Rajat Patidar,Devdutt Padikkal,Travis Head,1,0,0,0,0,0,0,,,,
ipl2026m1,2026,2026-03-28,M. Chinnaswamy Stadium,2,11.6,Royal Challengers Bengaluru,Sunrisers Hyderabad,Rajat Patidar,Devdutt Padikkal,Bhuvneshwar Kumar,4,0,0,0,0,0,0,,,,
ipl2026m1,2026,2026-03-28,M. Chinnaswamy Stadium,2,12.1,Royal Challengers Bengaluru,Sunrisers Hyderabad,Rajat Patidar,Devdutt Padikkal,Pat Cummins,1,0,0,0,0,0,0,,,,
ipl2026m1,2026,2026-03-28,M. Chinnaswamy Stadium,2,12.2,Royal Challengers Bengaluru,Sunrisers Hyderabad,Rajat Patidar,Devdutt Padikkal,Harshal Patel,1,0,0,0,0,0,0,,,,
ipl2026m1,2026,2026-03-28,M. Chinnaswamy Stadium,2,12.3,Royal Challengers Bengaluru,Sunrisers Hyderabad,Rajat Patidar,Devdutt Padikkal,Abhishek Sharma,1,0,0,0,0,0,0,,,,
ipl2026m1,2026,2026-03-28,M. Chinnaswamy Stadium,2,12.4,Royal Challengers Bengaluru,Sunrisers Hyderabad,Rajat Patidar,Devdutt Padikkal,Travis Head,1,0,0,0,0,0,0,,,,
ipl2026m1,2026,2026-03-28,M. Chinnaswamy Stadium,2,12.5,Royal Challengers Bengaluru,Sunrisers Hyderabad,Rajat Patidar,Devdutt Padikkal,Bhuvneshwar Kumar,1,0,0,0,0,0,0,,,,
ipl2026m1,2026,2026-03-28,M. Chinnaswamy Stadium,2,12.6,Royal Challengers Bengaluru,Sunrisers Hyderabad,Rajat Patidar,Devdutt Padikkal,Pat Cummins,1,0,0,0,0,0,0,,,,
ipl2026m1,2026,2026-03-28,M. Chinnaswamy Stadium,2,13.1,Royal Challengers Bengaluru,Sunrisers Hyderabad,Rajat Patidar,Devdutt Padikkal,Harshal Patel,1,0,0,0,0,0,0,,,,
ipl2026m1,2026,2026-03-28,M. Chinnaswamy Stadium,2,13.2,Royal Challengers Bengaluru,Sunrisers Hyderabad,Rajat Patidar,Devdutt Padikkal,Abhishek Sharma,4,0,0,0,0,0,0,,,,
ipl2026m1,2026,2026-03-28,M. Chinnaswamy Stadium,2,13.3,Royal Challengers Bengaluru,Sunrisers Hyderabad,Rajat Patidar,Devdutt Padikkal,Travis Head,1,0,0,0,0,0,0,,,,
ipl2026m1,2026,2026-03-28,M. Chinnaswamy Stadium,2,13.4,Royal Challengers Bengaluru,Sunrisers Hyderabad,Rajat Patidar,Devdutt Padikkal,Bhuvneshwar Kumar,0,0,0,0,0,0,0,,,,
ipl2026m1,2026,2026-03-28,M. Chinnaswamy Stadium,2,13.5,Royal Challengers Bengaluru,Sunrisers Hyderabad,Rajat Patidar,Devdutt Padikkal,Pat Cummins,4,0,0,0,0,0,0,,,,
ipl2026m1,2026,2026-03-28,M. Chinnaswamy Stadium,2,13.6,Royal Challengers Bengaluru,Sunrisers Hyderabad,Rajat Patidar,Devdutt Padikkal,Harshal Patel,0,0,0,0,0,0,0,,,,
ipl2026m1,2026,2026-03-28,M. Chinnaswamy Stadium,2,14.1,Royal Challengers Bengaluru,Sunrisers Hyderabad,Rajat Patidar,Devdutt Padikkal,Abhishek Sharma,1,0,0,0,0,0,0,,,,
ipl2026m1,2026,2026-03-28,M. Chinnaswamy Stadium,2,14.2,Royal Challengers Bengaluru,Sunrisers Hyderabad,Rajat Patidar,Devdutt Padikkal,Travis Head,1,0,0,0,0,0,0,,,,
ipl2026m1,2026,2026-03-28,M. Chinnaswamy Stadium,2,14.3,Royal Challengers Bengaluru,Sunrisers Hyderabad,Rajat Patidar,Devdutt Padikkal,Bhuvneshwar Kumar,6,0,0,0,0,0,0,,,,
ipl2026m1,2026,2026-03-28,M. Chinnaswamy Stadium,2,14.4,Royal Challengers Bengaluru,Sunrisers Hyderabad,Rajat Patidar,Devdutt Padikkal,Pat Cummins,1,0,0,0,0,0,0,,,,
ipl2026m1,2026,2026-03-28,M. Chinnaswamy Stadium,2,14.5,Royal Challengers Bengaluru,Sunrisers Hyderabad,Rajat Patidar,Devdutt Padikkal,Harshal Patel,1,0,0,0,0,0,0,,,,
ipl2026m1,2026,2026-03-28,M. Chinnaswamy Stadium,2,14.6,Royal Challengers Bengaluru,Sunrisers Hyderabad,Rajat Patidar,Devdutt Padikkal,Harshal Patel,1,0,0,0,0,0,0,caught,Rajat Patidar,,
ipl2026m1,2026,2026-03-28,M. Chinnaswamy Stadium,2,15.1,Royal Challengers Bengaluru,Sunrisers Hyderabad,Glenn Maxwell,Devdutt Padikkal,Travis Head,1,0,0,0,0,0,0,,,,
ipl2026m1,2026,2026-03-28,M. Chinnaswamy Stadium,2,15.2,Royal Challengers Bengaluru,Sunrisers Hyderabad,Glenn Maxwell,Devdutt Padikkal,Bhuvneshwar Kumar,1,0,0,0,0,0,0,,,,
ipl2026m1,2026,2026-03-28,M. Chinnaswamy Stadium,2,15.3,Royal Challengers Bengaluru,Sunrisers Hyderabad,Glenn Maxwell,Devdutt Padikkal,Pat Cummins,6,0,0,0,0,0,0,,,,
ipl2026m1,2026,2026-03-28,M. Chinnaswamy Stadium,2,15.4,Royal Challengers Bengaluru,Sunrisers Hyderabad,Glenn Maxwell,Devdutt Padikkal,Harshal Patel,1,0,0,0,0,0,0,,,,
ipl2026m1,2026,2026-03-28,M. Chinnaswamy Stadium,2,15.5,Royal Challengers Bengaluru,Sunrisers Hyderabad,Glenn Maxwell,Devdutt Padikkal,Abhishek Sharma,1,0,0,0,0,0,0,,,,
ipl2026m1,2026,2026-03-28,M. Chinnaswamy Stadium,2,15.6,Royal Challengers Bengaluru,Sunrisers Hyderabad,Glenn Maxwell,Devdutt Padikkal,Travis Head,1,0,0,0,0,0,0,,,,
ipl2026m1,2026,2026-03-28,M. Chinnaswamy Stadium,2,16.1,Royal Challengers Bengaluru,Sunrisers Hyderabad,Glenn Maxwell,Devdutt Padikkal,Bhuvneshwar Kumar,1,0,0,0,0,0,0,,,,
ipl2026m1,2026,2026-03-28,M. Chinnaswamy Stadium,2,16.2,Royal Challengers Bengaluru,Sunrisers Hyderabad,Glenn Maxwell,Devdutt Padikkal,Pat Cummins,1,0,0,0,0,0,0,,,,
ipl2026m1,2026,2026-03-28,M. Chinnaswamy Stadium,2,16.3,Royal Challengers Bengaluru,Sunrisers Hyderabad,Glenn Maxwell,Devdutt Padikkal,Harshal Patel,1,0,0,0,0,0,0,,,,
ipl2026m1,2026,2026-03-28,M. Chinnaswamy Stadium,2,16.4,Royal Challengers Bengaluru,Sunrisers Hyderabad,Glenn Maxwell,Devdutt Padikkal,Abhishek Sharma,1,0,0,0,0,0,0,,,,
ipl2026m2,2026,2026-03-29,Eden Gardens,1,1.1,Kolkata Knight Riders,Mumbai Indians,Sunil Narine,Ajinkya Rahane,Jasprit Bumrah,0,0,0,0,0,0,0,,,,
ipl2026m2,2026,2026-03-29,Eden Gardens,1,1.2,Kolkata Knight Riders,Mumbai Indians,Sunil Narine,Ajinkya Rahane,Hardik Pandya,1,0,0,0,0,0,0,,,,
ipl2026m2,2026,2026-03-29,Eden Gardens,1,1.3,Kolkata Knight Riders,Mumbai Indians,Sunil Narine,Ajinkya Rahane,Mohammed Siraj,4,0,0,0,0,0,0,,,,
ipl2026m2,2026,2026-03-29,Eden Gardens,1,1.4,Kolkata Knight Riders,Mumbai Indians,Sunil Narine,Ajinkya Rahane,Tilak Varma,1,0,0,0,0,0,0,,,,
ipl2026m2,2026,2026-03-29,Eden Gardens,1,1.5,Kolkata Knight Riders,Mumbai Indians,Sunil Narine,Ajinkya Rahane,Naman Dhir,1,0,0,0,0,0,0,,,,
ipl2026m2,2026,2026-03-29,Eden Gardens,1,1.6,Kolkata Knight Riders,Mumbai Indians,Sunil Narine,Ajinkya Rahane,Jasprit Bumrah,0,0,0,0,0,0,0,,,,
ipl2026m2,2026,2026-03-29,Eden Gardens,1,2.1,Kolkata Knight Riders,Mumbai Indians,Sunil Narine,Ajinkya Rahane,Hardik Pandya,4,0,0,0,0,0,0,,,,
ipl2026m2,2026,2026-03-29,Eden Gardens,1,2.2,Kolkata Knight Riders,Mumbai Indians,Sunil Narine,Ajinkya Rahane,Mohammed Siraj,1,0,0,0,0,0,0,,,,
ipl2026m2,2026,2026-03-29,Eden Gardens,1,2.3,Kolkata Knight Riders,Mumbai Indians,Sunil Narine,Ajinkya Rahane,Tilak Varma,1,0,0,0,0,0,0,,,,
ipl2026m2,2026,2026-03-29,Eden Gardens,1,2.4,Kolkata Knight Riders,Mumbai Indians,Sunil Narine,Ajinkya Rahane,Naman Dhir,0,0,0,0,0,0,0,,,,
ipl2026m2,2026,2026-03-29,Eden Gardens,1,2.5,Kolkata Knight Riders,Mumbai Indians,Sunil Narine,Ajinkya Rahane,Jasprit Bumrah,6,0,0,0,0,0,0,,,,
ipl2026m2,2026,2026-03-29,Eden Gardens,1,2.6,Kolkata Knight Riders,Mumbai Indians,Sunil Narine,Ajinkya Rahane,Hardik Pandya,1,0,0,0,0,0,0,,,,
ipl2026m2,2026,2026-03-29,Eden Gardens,1,3.1,Kolkata Knight Riders,Mumbai Indians,Sunil Narine,Ajinkya Rahane,Mohammed Siraj,6,0,0,0,0,0,0,,,,
ipl2026m2,2026,2026-03-29,Eden Gardens,1,3.2,Kolkata Knight Riders,Mumbai Indians,Sunil Narine,Ajinkya Rahane,Tilak Varma,0,0,0,0,0,0,0,,,,
ipl2026m2,2026,2026-03-29,Eden Gardens,1,3.3,Kolkata Knight Riders,Mumbai Indians,Sunil Narine,Ajinkya Rahane,Naman Dhir,1,0,0,0,0,0,0,,,,
ipl2026m2,2026,2026-03-29,Eden Gardens,1,3.4,Kolkata Knight Riders,Mumbai Indians,Sunil Narine,Ajinkya Rahane,Jasprit Bumrah,4,0,0,0,0,0,0,,,,
ipl2026m2,2026,2026-03-29,Eden Gardens,1,3.5,Kolkata Knight Riders,Mumbai Indians,Sunil Narine,Ajinkya Rahane,Hardik Pandya,0,0,0,0,0,0,0,,,,
ipl2026m2,2026,2026-03-29,Eden Gardens,1,3.6,Kolkata Knight Riders,Mumbai Indians,Sunil Narine,Ajinkya Rahane,Mohammed Siraj,0,0,0,0,0,0,0,,,,
ipl2026m2,2026,2026-03-29,Eden Gardens,1,4.1,Kolkata Knight Riders,Mumbai Indians,Sunil Narine,Ajinkya Rahane,Tilak Varma,1,0,0,0,0,0,0,,,,
ipl2026m2,2026,2026-03-29,Eden Gardens,1,4.2,Kolkata Knight Riders,Mumbai Indians,Sunil Narine,Ajinkya Rahane,Naman Dhir,1,0,0,0,0,0,0,,,,
ipl2026m2,2026,2026-03-29,Eden Gardens,1,4.3,Kolkata Knight Riders,Mumbai Indians,Sunil Narine,Ajinkya Rahane,Jasprit Bumrah,0,0,0,0,0,0,0,,,,
ipl2026m2,2026,2026-03-29,Eden Gardens,1,4.4,Kolkata Knight Riders,Mumbai Indians,Sunil Narine,Ajinkya Rahane,Hardik Pandya,0,0,0,0,0,0,0,,,,
ipl2026m2,2026,2026-03-29,Eden Gardens,1,4.5,Kolkata Knight Riders,Mumbai Indians,Sunil Narine,Ajinkya Rahane,Mohammed Siraj,1,0,0,0,0,0,0,,,,
ipl2026m2,2026,2026-03-29,Eden Gardens,1,4.6,Kolkata Knight Riders,Mumbai Indians,Sunil Narine,Ajinkya Rahane,Tilak Varma,1,0,0,0,0,0,0,,,,
ipl2026m2,2026,2026-03-29,Eden Gardens,1,5.1,Kolkata Knight Riders,Mumbai Indians,Sunil Narine,Ajinkya Rahane,Jasprit Bumrah,0,0,0,0,0,0,0,bowled,Sunil Narine,,
ipl2026m2,2026,2026-03-29,Eden Gardens,1,5.2,Kolkata Knight Riders,Mumbai Indians,Ajinkya Rahane,Sunil Narine,Jasprit Bumrah,0,0,0,0,0,0,0,,,,
ipl2026m2,2026,2026-03-29,Eden Gardens,1,5.3,Kolkata Knight Riders,Mumbai Indians,Ajinkya Rahane,Sunil Narine,Hardik Pandya,0,0,0,0,0,0,0,,,,
ipl2026m2,2026,2026-03-29,Eden Gardens,1,5.4,Kolkata Knight Riders,Mumbai Indians,Ajinkya Rahane,Sunil Narine,Mohammed Siraj,4,0,0,0,0,0,0,,,,
ipl2026m2,2026,2026-03-29,Eden Gardens,1,5.5,Kolkata Knight Riders,Mumbai Indians,Ajinkya Rahane,Sunil Narine,Tilak Varma,1,0,0,0,0,0,0,,,,
ipl2026m2,2026,2026-03-29,Eden Gardens,1,5.6,Kolkata Knight Riders,Mumbai Indians,Ajinkya Rahane,Sunil Narine,Naman Dhir,1,0,0,0,0,0,0,,,,
ipl2026m2,2026,2026-03-29,Eden Gardens,1,6.1,Kolkata Knight Riders,Mumbai Indians,Ajinkya Rahane,Sunil Narine,Jasprit Bumrah,1,0,0,0,0,0,0,,,,
ipl2026m2,2026,2026-03-29,Eden Gardens,1,6.2,Kolkata Knight Riders,Mumbai Indians,Ajinkya Rahane,Sunil Narine,Hardik Pandya,1,0,0,0,0,0,0,,,,
ipl2026m2,2026,2026-03-29,Eden Gardens,1,6.3,Kolkata Knight Riders,Mumbai Indians,Ajinkya Rahane,Sunil Narine,Mohammed Siraj,1,0,0,0,0,0,0,,,,
ipl2026m2,2026,2026-03-29,Eden Gardens,1,6.4,Kolkata Knight Riders,Mumbai Indians,Ajinkya Rahane,Sunil Narine,Tilak Varma,0,0,0,0,0,0,0,,,,
ipl2026m2,2026,2026-03-29,Eden Gardens,1,6.5,Kolkata Knight Riders,Mumbai Indians,Ajinkya Rahane,Sunil Narine,Naman Dhir,1,0,0,0,0,0,0,,,,
ipl2026m2,2026,2026-03-29,Eden Gardens,1,6.6,Kolkata Knight Riders,Mumbai Indians,Ajinkya Rahane,Sunil Narine,Jasprit Bumrah,1,0,0,0,0,0,0,,,,
ipl2026m2,2026,2026-03-29,Eden Gardens,1,7.1,Kolkata Knight Riders,Mumbai Indians,Ajinkya Rahane,Sunil Narine,Hardik Pandya,1,0,0,0,0,0,0,,,,
ipl2026m2,2026,2026-03-29,Eden Gardens,1,7.2,Kolkata Knight Riders,Mumbai Indians,Ajinkya Rahane,Sunil Narine,Mohammed Siraj,0,0,0,0,0,0,0,,,,
ipl2026m2,2026,2026-03-29,Eden Gardens,1,7.3,Kolkata Knight Riders,Mumbai Indians,Ajinkya Rahane,Sunil Narine,Tilak Varma,1,0,0,0,0,0,0,,,,
ipl2026m2,2026,2026-03-29,Eden Gardens,1,7.4,Kolkata Knight Riders,Mumbai Indians,Ajinkya Rahane,Sunil Narine,Naman Dhir,1,0,0,0,0,0,0,,,,
ipl2026m2,2026,2026-03-29,Eden Gardens,1,7.5,Kolkata Knight Riders,Mumbai Indians,Ajinkya Rahane,Sunil Narine,Jasprit Bumrah,4,0,0,0,0,0,0,,,,
ipl2026m2,2026,2026-03-29,Eden Gardens,1,7.6,Kolkata Knight Riders,Mumbai Indians,Ajinkya Rahane,Sunil Narine,Hardik Pandya,1,0,0,0,0,0,0,,,,
ipl2026m2,2026,2026-03-29,Eden Gardens,1,8.1,Kolkata Knight Riders,Mumbai Indians,Ajinkya Rahane,Sunil Narine,Hardik Pandya,1,0,0,0,0,0,0,caught,Ajinkya Rahane,,
ipl2026m2,2026,2026-03-29,Eden Gardens,1,8.2,Kolkata Knight Riders,Mumbai Indians,Venkatesh Iyer,Andre Russell,Tilak Varma,1,0,0,0,0,0,0,,,,
ipl2026m2,2026,2026-03-29,Eden Gardens,1,8.3,Kolkata Knight Riders,Mumbai Indians,Venkatesh Iyer,Andre Russell,Naman Dhir,1,0,0,0,0,0,0,,,,
ipl2026m2,2026,2026-03-29,Eden Gardens,1,8.4,Kolkata Knight Riders,Mumbai Indians,Venkatesh Iyer,Andre Russell,Jasprit Bumrah,1,0,0,0,0,0,0,,,,
ipl2026m2,2026,2026-03-29,Eden Gardens,1,8.5,Kolkata Knight Riders,Mumbai Indians,Venkatesh Iyer,Andre Russell,Hardik Pandya,1,0,0,0,0,0,0,,,,
ipl2026m2,2026,2026-03-29,Eden Gardens,1,8.6,Kolkata Knight Riders,Mumbai Indians,Venkatesh Iyer,Andre Russell,Mohammed Siraj,1,0,0,0,0,0,0,,,,
ipl2026m2,2026,2026-03-29,Eden Gardens,1,9.1,Kolkata Knight Riders,Mumbai Indians,Venkatesh Iyer,Andre Russell,Tilak Varma,4,0,0,0,0,0,0,,,,
ipl2026m2,2026,2026-03-29,Eden Gardens,1,9.2,Kolkata Knight Riders,Mumbai Indians,Venkatesh Iyer,Andre Russell,Naman Dhir,1,0,0,0,0,0,0,,,,
ipl2026m2,2026,2026-03-29,Eden Gardens,1,9.3,Kolkata Knight Riders,Mumbai Indians,Venkatesh Iyer,Andre Russell,Jasprit Bumrah,1,0,0,0,0,0,0,,,,
ipl2026m2,2026,2026-03-29,Eden Gardens,1,9.4,Kolkata Knight Riders,Mumbai Indians,Venkatesh Iyer,Andre Russell,Hardik Pandya,1,0,0,0,0,0,0,,,,
ipl2026m2,2026,2026-03-29,Eden Gardens,1,9.5,Kolkata Knight Riders,Mumbai Indians,Venkatesh Iyer,Andre Russell,Mohammed Siraj,4,0,0,0,0,0,0,,,,
ipl2026m2,2026,2026-03-29,Eden Gardens,1,9.6,Kolkata Knight Riders,Mumbai Indians,Venkatesh Iyer,Andre Russell,Tilak Varma,6,0,0,0,0,0,0,,,,
ipl2026m2,2026,2026-03-29,Eden Gardens,1,10.1,Kolkata Knight Riders,Mumbai Indians,Venkatesh Iyer,Andre Russell,Naman Dhir,1,0,0,0,0,0,0,,,,
ipl2026m2,2026,2026-03-29,Eden Gardens,1,10.2,Kolkata Knight Riders,Mumbai Indians,Venkatesh Iyer,Andre Russell,Jasprit Bumrah,1,0,0,0,0,0,0,,,,
ipl2026m2,2026,2026-03-29,Eden Gardens,1,10.3,Kolkata Knight Riders,Mumbai Indians,Venkatesh Iyer,Andre Russell,Hardik Pandya,0,0,0,0,0,0,0,,,,
ipl2026m2,2026,2026-03-29,Eden Gardens,1,10.4,Kolkata Knight Riders,Mumbai Indians,Venkatesh Iyer,Andre Russell,Mohammed Siraj,1,0,0,0,0,0,0,,,,
ipl2026m2,2026,2026-03-29,Eden Gardens,1,10.5,Kolkata Knight Riders,Mumbai Indians,Venkatesh Iyer,Andre Russell,Tilak Varma,0,0,0,0,0,0,0,,,,
ipl2026m2,2026,2026-03-29,Eden Gardens,1,10.6,Kolkata Knight Riders,Mumbai Indians,Venkatesh Iyer,Andre Russell,Naman Dhir,0,0,0,0,0,0,0,,,,
ipl2026m2,2026,2026-03-29,Eden Gardens,1,11.1,Kolkata Knight Riders,Mumbai Indians,Venkatesh Iyer,Andre Russell,Jasprit Bumrah,1,0,0,0,0,0,0,,,,
ipl2026m2,2026,2026-03-29,Eden Gardens,1,11.2,Kolkata Knight Riders,Mumbai Indians,Venkatesh Iyer,Andre Russell,Hardik Pandya,1,0,0,0,0,0,0,,,,
ipl2026m2,2026,2026-03-29,Eden Gardens,1,11.3,Kolkata Knight Riders,Mumbai Indians,Venkatesh Iyer,Andre Russell,Jasprit Bumrah,1,0,0,0,0,0,0,lbw,Venkatesh Iyer,,
ipl2026m2,2026,2026-03-29,Eden Gardens,1,11.4,Kolkata Knight Riders,Mumbai Indians,Andre Russell,Venkatesh Iyer,Tilak Varma,0,0,0,0,0,0,0,,,,
ipl2026m2,2026,2026-03-29,Eden Gardens,1,11.5,Kolkata Knight Riders,Mumbai Indians,Andre Russell,Venkatesh Iyer,Naman Dhir,1,0,0,0,0,0,0,,,,
ipl2026m2,2026,2026-03-29,Eden Gardens,1,11.6,Kolkata Knight Riders,Mumbai Indians,Andre Russell,Venkatesh Iyer,Jasprit Bumrah,1,0,0,0,0,0,0,,,,
ipl2026m2,2026,2026-03-29,Eden Gardens,1,12.1,Kolkata Knight Riders,Mumbai Indians,Andre Russell,Venkatesh Iyer,Hardik Pandya,6,0,0,0,0,0,0,,,,
ipl2026m2,2026,2026-03-29,Eden Gardens,1,12.2,Kolkata Knight Riders,Mumbai Indians,Andre Russell,Venkatesh Iyer,Mohammed Siraj,6,0,0,0,0,0,0,,,,
ipl2026m2,2026,2026-03-29,Eden Gardens,1,12.3,Kolkata Knight Riders,Mumbai Indians,Andre Russell,Venkatesh Iyer,Tilak Varma,1,0,0,0,0,0,0,,,,
ipl2026m2,2026,2026-03-29,Eden Gardens,1,12.4,Kolkata Knight Riders,Mumbai Indians,Andre Russell,Venkatesh Iyer,Naman Dhir,0,0,0,0,0,0,0,,,,
ipl2026m2,2026,2026-03-29,Eden Gardens,1,12.5,Kolkata Knight Riders,Mumbai Indians,Andre Russell,Venkatesh Iyer,Jasprit Bumrah,0,0,0,0,0,0,0,,,,
ipl2026m2,2026,2026-03-29,Eden Gardens,1,12.6,Kolkata Knight Riders,Mumbai Indians,Andre Russell,Venkatesh Iyer,Hardik Pandya,1,0,0,0,0,0,0,,,,
ipl2026m2,2026,2026-03-29,Eden Gardens,1,13.1,Kolkata Knight Riders,Mumbai Indians,Andre Russell,Venkatesh Iyer,Mohammed Siraj,4,0,0,0,0,0,0,,,,
ipl2026m2,2026,2026-03-29,Eden Gardens,1,13.2,Kolkata Knight Riders,Mumbai Indians,Andre Russell,Venkatesh Iyer,Tilak Varma,1,0,0,0,0,0,0,,,,
ipl2026m2,2026,2026-03-29,Eden Gardens,1,13.3,Kolkata Knight Riders,Mumbai Indians,Andre Russell,Venkatesh Iyer,Hardik Pandya,1,0,0,0,0,0,0,caught,Andre Russell,,
ipl2026m2,2026,2026-03-29,Eden Gardens,1,13.4,Kolkata Knight Riders,Mumbai Indians,Varun Chakaravarthy,Harshit Rana,Jasprit Bumrah,1,0,0,0,0,0,0,,,,
ipl2026m2,2026,2026-03-29,Eden Gardens,1,13.5,Kolkata Knight Riders,Mumbai Indians,Varun Chakaravarthy,Harshit Rana,Hardik Pandya,1,0,0,0,0,0,0,,,,
ipl2026m2,2026,2026-03-29,Eden Gardens,1,13.6,Kolkata Knight Riders,Mumbai Indians,Varun Chakaravarthy,Harshit Rana,Mohammed Siraj,1,0,0,0,0,0,0,,,,
ipl2026m2,2026,2026-03-29,Eden Gardens,1,14.1,Kolkata Knight Riders,Mumbai Indians,Varun Chakaravarthy,Harshit Rana,Tilak Varma,0,0,0,0,0,0,0,,,,
ipl2026m2,2026,2026-03-29,Eden Gardens,1,14.2,Kolkata Knight Riders,Mumbai Indians,Varun Chakaravarthy,Harshit Rana,Jasprit Bumrah,1,0,0,0,0,0,0,bowled,Varun Chakaravarthy,,
ipl2026m2,2026,2026-03-29,Eden Gardens,1,14.3,Kolkata Knight Riders,Mumbai Indians,Harshit Rana,Varun Chakaravarthy,Jasprit Bumrah,1,0,0,0,0,0,0,,,,
ipl2026m2,2026,2026-03-29,Eden Gardens,1,14.4,Kolkata Knight Riders,Mumbai Indians,Harshit Rana,Varun Chakaravarthy,Hardik Pandya,1,0,0,0,0,0,0,,,,
ipl2026m2,2026,2026-03-29,Eden Gardens,1,14.5,Kolkata Knight Riders,Mumbai Indians,Harshit Rana,Varun Chakaravarthy,Mohammed Siraj,1,0,0,0,0,0,0,,,,
ipl2026m2,2026,2026-03-29,Eden Gardens,1,14.6,Kolkata Knight Riders,Mumbai Indians,Harshit Rana,Varun Chakaravarthy,Tilak Varma,1,0,0,0,0,0,0,,,,
ipl2026m2,2026,2026-03-29,Eden Gardens,1,15.1,Kolkata Knight Riders,Mumbai Indians,Harshit Rana,Varun Chakaravarthy,Naman Dhir,1,0,0,0,0,0,0,caught,Harshit Rana,,
ipl2026m2,2026,2026-03-29,Eden Gardens,2,1.1,Mumbai Indians,Kolkata Knight Riders,Rohit Sharma,Suryakumar Yadav,Harshit Rana,1,0,0,0,0,0,0,,,,
ipl2026m2,2026,2026-03-29,Eden Gardens,2,1.2,Mumbai Indians,Kolkata Knight Riders,Rohit Sharma,Suryakumar Yadav,Varun Chakaravarthy,4,0,0,0,0,0,0,,,,
ipl2026m2,2026,2026-03-29,Eden Gardens,2,1.3,Mumbai Indians,Kolkata Knight Riders,Rohit Sharma,Suryakumar Yadav,Sunil Narine,1,0,0,0,0,0,0,,,,
ipl2026m2,2026,2026-03-29,Eden Gardens,2,1.4,Mumbai Indians,Kolkata Knight Riders,Rohit Sharma,Suryakumar Yadav,Andre Russell,0,0,0,0,0,0,0,,,,
ipl2026m2,2026,2026-03-29,Eden Gardens,2,1.5,Mumbai Indians,Kolkata Knight Riders,Rohit Sharma,Suryakumar Yadav,Venkatesh Iyer,1,0,0,0,0,0,0,,,,
ipl2026m2,2026,2026-03-29,Eden Gardens,2,1.6,Mumbai Indians,Kolkata Knight Riders,Rohit Sharma,Suryakumar Yadav,Harshit Rana,1,0,0,0,0,0,0,,,,
ipl2026m2,2026,2026-03-29,Eden Gardens,2,2.1,Mumbai Indians,Kolkata Knight Riders,Rohit Sharma,Suryakumar Yadav,Varun Chakaravarthy,1,0,0,0,0,0,0,,,,
ipl2026m2,2026,2026-03-29,Eden Gardens,2,2.2,Mumbai Indians,Kolkata Knight Riders,Rohit Sharma,Suryakumar Yadav,Sunil Narine,1,0,0,0,0,0,0,,,,
ipl2026m2,2026,2026-03-29,Eden Gardens,2,2.3,Mumbai Indians,Kolkata Knight Riders,Rohit Sharma,Suryakumar Yadav,Andre Russell,0,0,0,0,0,0,0,,,,
ipl2026m2,2026,2026-03-29,Eden Gardens,2,2.4,Mumbai Indians,Kolkata Knight Riders,Rohit Sharma,Suryakumar Yadav,Venkatesh Iyer,0,0,0,0,0,0,0,,,,
ipl2026m2,2026,2026-03-29,Eden Gardens,2,2.5,Mumbai Indians,Kolkata Knight Riders,Rohit Sharma,Suryakumar Yadav,Harshit Rana,1,0,0,0,0,0,0,,,,
ipl2026m2,2026,2026-03-29,Eden Gardens,2,2.6,Mumbai Indians,Kolkata Knight Riders,Rohit Sharma,Suryakumar Yadav,Varun Chakaravarthy,1,0,0,0,0,0,0,,,,
ipl2026m2,2026,2026-03-29,Eden Gardens,2,3.1,Mumbai Indians,Kolkata Knight Riders,Rohit Sharma,Suryakumar Yadav,Sunil Narine,0,0,0,0,0,0,0,,,,
ipl2026m2,2026,2026-03-29,Eden Gardens,2,3.2,Mumbai Indians,Kolkata Knight Riders,Rohit Sharma,Suryakumar Yadav,Andre Russell,4,0,0,0,0,0,0,,,,
ipl2026m2,2026,2026-03-29,Eden Gardens,2,3.3,Mumbai Indians,Kolkata Knight Riders,Rohit Sharma,Suryakumar Yadav,Venkatesh Iyer,1,0,0,0,0,0,0,,,,
ipl2026m2,2026,2026-03-29,Eden Gardens,2,3.4,Mumbai Indians,Kolkata Knight Riders,Rohit Sharma,Suryakumar Yadav,Harshit Rana,1,0,0,0,0,0,0,,,,
ipl2026m2,2026,2026-03-29,Eden Gardens,2,3.5,Mumbai Indians,Kolkata Knight Riders,Rohit Sharma,Suryakumar Yadav,Varun Chakaravarthy,4,0,0,0,0,0,0,,,,
ipl2026m2,2026,2026-03-29,Eden Gardens,2,3.6,Mumbai Indians,Kolkata Knight Riders,Rohit Sharma,Suryakumar Yadav,Sunil Narine,1,0,0,0,0,0,0,,,,
ipl2026m2,2026,2026-03-29,Eden Gardens,2,4.1,Mumbai Indians,Kolkata Knight Riders,Rohit Sharma,Suryakumar Yadav,Andre Russell,1,0,0,0,0,0,0,,,,
ipl2026m2,2026,2026-03-29,Eden Gardens,2,4.2,Mumbai Indians,Kolkata Knight Riders,Rohit Sharma,Suryakumar Yadav,Venkatesh Iyer,0,0,0,0,0,0,0,,,,
ipl2026m2,2026,2026-03-29,Eden Gardens,2,4.3,Mumbai Indians,Kolkata Knight Riders,Rohit Sharma,Suryakumar Yadav,Harshit Rana,1,0,0,0,0,0,0,,,,
ipl2026m2,2026,2026-03-29,Eden Gardens,2,4.4,Mumbai Indians,Kolkata Knight Riders,Rohit Sharma,Suryakumar Yadav,Varun Chakaravarthy,1,0,0,0,0,0,0,,,,
ipl2026m2,2026,2026-03-29,Eden Gardens,2,4.5,Mumbai Indians,Kolkata Knight Riders,Rohit Sharma,Suryakumar Yadav,Sunil Narine,1,0,0,0,0,0,0,,,,
ipl2026m2,2026,2026-03-29,Eden Gardens,2,4.6,Mumbai Indians,Kolkata Knight Riders,Rohit Sharma,Suryakumar Yadav,Andre Russell,0,0,0,0,0,0,0,,,,
ipl2026m2,2026,2026-03-29,Eden Gardens,2,5.1,Mumbai Indians,Kolkata Knight Riders,Rohit Sharma,Suryakumar Yadav,Venkatesh Iyer,6,0,0,0,0,0,0,,,,
ipl2026m2,2026,2026-03-29,Eden Gardens,2,5.2,Mumbai Indians,Kolkata Knight Riders,Rohit Sharma,Suryakumar Yadav,Harshit Rana,0,0,0,0,0,0,0,,,,
ipl2026m2,2026,2026-03-29,Eden Gardens,2,5.3,Mumbai Indians,Kolkata Knight Riders,Rohit Sharma,Suryakumar Yadav,Varun Chakaravarthy,4,0,0,0,0,0,0,,,,
ipl2026m2,2026,2026-03-29,Eden Gardens,2,5.4,Mumbai Indians,Kolkata Knight Riders,Rohit Sharma,Suryakumar Yadav,Sunil Narine,6,0,0,0,0,0,0,,,,
ipl2026m2,2026,2026-03-29,Eden Gardens,2,5.5,Mumbai Indians,Kolkata Knight Riders,Rohit Sharma,Suryakumar Yadav,Andre Russell,0,0,0,0,0,0,0,,,,
ipl2026m2,2026,2026-03-29,Eden Gardens,2,5.6,Mumbai Indians,Kolkata Knight Riders,Rohit Sharma,Suryakumar Yadav,Venkatesh Iyer,1,0,0,0,0,0,0,,,,
ipl2026m2,2026,2026-03-29,Eden Gardens,2,6.1,Mumbai Indians,Kolkata Knight Riders,Rohit Sharma,Suryakumar Yadav,Harshit Rana,0,0,0,0,0,0,0,,,,
ipl2026m2,2026,2026-03-29,Eden Gardens,2,6.2,Mumbai Indians,Kolkata Knight Riders,Rohit Sharma,Suryakumar Yadav,Varun Chakaravarthy,1,0,0,0,0,0,0,caught,Rohit Sharma,,
ipl2026m2,2026,2026-03-29,Eden Gardens,2,6.3,Mumbai Indians,Kolkata Knight Riders,Suryakumar Yadav,Rohit Sharma,Sunil Narine,1,0,0,0,0,0,0,,,,
ipl2026m2,2026,2026-03-29,Eden Gardens,2,6.4,Mumbai Indians,Kolkata Knight Riders,Suryakumar Yadav,Rohit Sharma,Andre Russell,1,0,0,0,0,0,0,,,,
ipl2026m2,2026,2026-03-29,Eden Gardens,2,6.5,Mumbai Indians,Kolkata Knight Riders,Suryakumar Yadav,Rohit Sharma,Venkatesh Iyer,1,0,0,0,0,0,0,,,,
ipl2026m2,2026,2026-03-29,Eden Gardens,2,6.6,Mumbai Indians,Kolkata Knight Riders,Suryakumar Yadav,Rohit Sharma,Harshit Rana,1,0,0,0,0,0,0,,,,
ipl2026m2,2026,2026-03-29,Eden Gardens,2,7.1,Mumbai Indians,Kolkata Knight Riders,Suryakumar Yadav,Rohit Sharma,Varun Chakaravarthy,0,0,0,0,0,0,0,,,,
ipl2026m2,2026,2026-03-29,Eden Gardens,2,7.2,Mumbai Indians,Kolkata Knight Riders,Suryakumar Yadav,Rohit Sharma,Sunil Narine,4,0,0,0,0,0,0,,,,
ipl2026m2,2026,2026-03-29,Eden Gardens,2,7.3,Mumbai Indians,Kolkata Knight Riders,Suryakumar Yadav,Rohit Sharma,Andre Russell,6,0,0,0,0,0,0,,,,
ipl2026m2,2026,2026-03-29,Eden Gardens,2,7.4,Mumbai Indians,Kolkata Knight Riders,Suryakumar Yadav,Rohit Sharma,Venkatesh Iyer,1,0,0,0,0,0,0,,,,
ipl2026m2,2026,2026-03-29,Eden Gardens,2,7.5,Mumbai Indians,Kolkata Knight Riders,Suryakumar Yadav,Rohit Sharma,Harshit Rana,4,0,0,0,0,0,0,,,,
ipl2026m2,2026,2026-03-29,Eden Gardens,2,7.6,Mumbai Indians,Kolkata Knight Riders,Suryakumar Yadav,Rohit Sharma,Varun Chakaravarthy,1,0,0,0,0,0,0,,,,
ipl2026m2,2026,2026-03-29,Eden Gardens,2,8.1,Mumbai Indians,Kolkata Knight Riders,Suryakumar Yadav,Rohit Sharma,Sunil Narine,0,0,0,0,0,0,0,,,,
ipl2026m2,2026,2026-03-29,Eden Gardens,2,8.2,Mumbai Indians,Kolkata Knight Riders,Suryakumar Yadav,Rohit Sharma,Andre Russell,1,0,0,0,0,0,0,,,,
ipl2026m2,2026,2026-03-29,Eden Gardens,2,8.3,Mumbai Indians,Kolkata Knight Riders,Suryakumar Yadav,Rohit Sharma,Venkatesh Iyer,1,0,0,0,0,0,0,,,,
ipl2026m2,2026,2026-03-29,Eden Gardens,2,8.4,Mumbai Indians,Kolkata Knight Riders,Suryakumar Yadav,Rohit Sharma,Harshit Rana,1,0,0,0,0,0,0,,,,
ipl2026m2,2026,2026-03-29,Eden Gardens,2,8.5,Mumbai Indians,Kolkata Knight Riders,Suryakumar Yadav,Rohit Sharma,Varun Chakaravarthy,1,0,0,0,0,0,0,,,,
ipl2026m2,2026,2026-03-29,Eden Gardens,2,8.6,Mumbai Indians,Kolkata Knight Riders,Suryakumar Yadav,Rohit Sharma,Sunil Narine,1,0,0,0,0,0,0,,,,
ipl2026m2,2026,2026-03-29,Eden Gardens,2,9.1,Mumbai Indians,Kolkata Knight Riders,Suryakumar Yadav,Rohit Sharma,Andre Russell,1,0,0,0,0,0,0,,,,
ipl2026m2,2026,2026-03-29,Eden Gardens,2,9.2,Mumbai Indians,Kolkata Knight Riders,Suryakumar Yadav,Rohit Sharma,Venkatesh Iyer,1,0,0,0,0,0,0,,,,
ipl2026m2,2026,2026-03-29,Eden Gardens,2,9.3,Mumbai Indians,Kolkata Knight Riders,Suryakumar Yadav,Rohit Sharma,Harshit Rana,4,0,0,0,0,0,0,,,,
ipl2026m2,2026,2026-03-29,Eden Gardens,2,9.4,Mumbai Indians,Kolkata Knight Riders,Suryakumar Yadav,Rohit Sharma,Varun Chakaravarthy,1,0,0,0,0,0,0,,,,
ipl2026m2,2026,2026-03-29,Eden Gardens,2,9.5,Mumbai Indians,Kolkata Knight Riders,Suryakumar Yadav,Rohit Sharma,Sunil Narine,1,0,0,0,0,0,0,,,,
ipl2026m2,2026,2026-03-29,Eden Gardens,2,9.6,Mumbai Indians,Kolkata Knight Riders,Suryakumar Yadav,Rohit Sharma,Andre Russell,1,0,0,0,0,0,0,,,,
ipl2026m2,2026,2026-03-29,Eden Gardens,2,10.1,Mumbai Indians,Kolkata Knight Riders,Suryakumar Yadav,Rohit Sharma,Venkatesh Iyer,1,0,0,0,0,0,0,,,,
ipl2026m2,2026,2026-03-29,Eden Gardens,2,10.2,Mumbai Indians,Kolkata Knight Riders,Suryakumar Yadav,Rohit Sharma,Harshit Rana,1,0,0,0,0,0,0,,,,
ipl2026m2,2026,2026-03-29,Eden Gardens,2,10.3,Mumbai Indians,Kolkata Knight Riders,Suryakumar Yadav,Rohit Sharma,Varun Chakaravarthy,1,0,0,0,0,0,0,,,,
ipl2026m2,2026,2026-03-29,Eden Gardens,2,10.4,Mumbai Indians,Kolkata Knight Riders,Suryakumar Yadav,Rohit Sharma,Sunil Narine,1,0,0,0,0,0,0,,,,
ipl2026m2,2026,2026-03-29,Eden Gardens,2,10.5,Mumbai Indians,Kolkata Knight Riders,Suryakumar Yadav,Rohit Sharma,Andre Russell,6,0,0,0,0,0,0,,,,
ipl2026m2,2026,2026-03-29,Eden Gardens,2,10.6,Mumbai Indians,Kolkata Knight Riders,Suryakumar Yadav,Rohit Sharma,Venkatesh Iyer,1,0,0,0,0,0,0,,,,
ipl2026m2,2026,2026-03-29,Eden Gardens,2,11.1,Mumbai Indians,Kolkata Knight Riders,Suryakumar Yadav,Rohit Sharma,Harshit Rana,6,0,0,0,0,0,0,,,,
ipl2026m2,2026,2026-03-29,Eden Gardens,2,11.2,Mumbai Indians,Kolkata Knight Riders,Suryakumar Yadav,Rohit Sharma,Varun Chakaravarthy,1,0,0,0,0,0,0,,,,
ipl2026m2,2026,2026-03-29,Eden Gardens,2,11.3,Mumbai Indians,Kolkata Knight Riders,Suryakumar Yadav,Rohit Sharma,Sunil Narine,1,0,0,0,0,0,0,,,,
ipl2026m2,2026,2026-03-29,Eden Gardens,2,11.4,Mumbai Indians,Kolkata Knight Riders,Suryakumar Yadav,Rohit Sharma,Andre Russell,1,0,0,0,0,0,0,,,,
ipl2026m2,2026,2026-03-29,Eden Gardens,2,11.5,Mumbai Indians,Kolkata Knight Riders,Suryakumar Yadav,Rohit Sharma,Venkatesh Iyer,1,0,0,0,0,0,0,,,,
ipl2026m2,2026,2026-03-29,Eden Gardens,2,11.6,Mumbai Indians,Kolkata Knight Riders,Suryakumar Yadav,Rohit Sharma,Harshit Rana,1,0,0,0,0,0,0,,,,
ipl2026m2,2026,2026-03-29,Eden Gardens,2,12.1,Mumbai Indians,Kolkata Knight Riders,Suryakumar Yadav,Rohit Sharma,Varun Chakaravarthy,1,0,0,0,0,0,0,,,,
ipl2026m2,2026,2026-03-29,Eden Gardens,2,12.2,Mumbai Indians,Kolkata Knight Riders,Suryakumar Yadav,Rohit Sharma,Sunil Narine,0,0,0,0,0,0,0,,,,
ipl2026m2,2026,2026-03-29,Eden Gardens,2,12.3,Mumbai Indians,Kolkata Knight Riders,Suryakumar Yadav,Rohit Sharma,Andre Russell,4,0,0,0,0,0,0,,,,
ipl2026m2,2026,2026-03-29,Eden Gardens,2,12.4,Mumbai Indians,Kolkata Knight Riders,Suryakumar Yadav,Rohit Sharma,Venkatesh Iyer,1,0,0,0,0,0,0,,,,
ipl2026m2,2026,2026-03-29,Eden Gardens,2,12.5,Mumbai Indians,Kolkata Knight Riders,Tilak Varma,Hardik Pandya,Harshit Rana,1,0,0,0,0,0,0,,,,
ipl2026m2,2026,2026-03-29,Eden Gardens,2,12.6,Mumbai Indians,Kolkata Knight Riders,Tilak Varma,Hardik Pandya,Varun Chakaravarthy,6,0,0,0,0,0,0,,,,
ipl2026m2,2026,2026-03-29,Eden Gardens,2,13.1,Mumbai Indians,Kolkata Knight Riders,Tilak Varma,Hardik Pandya,Sunil Narine,0,0,0,0,0,0,0,,,,
ipl2026m2,2026,2026-03-29,Eden Gardens,2,13.2,Mumbai Indians,Kolkata Knight Riders,Tilak Varma,Hardik Pandya,Andre Russell,0,0,0,0,0,0,0,,,,
ipl2026m2,2026,2026-03-29,Eden Gardens,2,13.3,Mumbai Indians,Kolkata Knight Riders,Tilak Varma,Hardik Pandya,Venkatesh Iyer,1,0,0,0,0,0,0,,,,
ipl2026m2,2026,2026-03-29,Eden Gardens,2,13.4,Mumbai Indians,Kolkata Knight Riders,Tilak Varma,Hardik Pandya,Harshit Rana,1,0,0,0,0,0,0,,,,
ipl2026m2,2026,2026-03-29,Eden Gardens,2,13.5,Mumbai Indians,Kolkata Knight Riders,Tilak Varma,Hardik Pandya,Varun Chakaravarthy,1,0,0,0,0,0,0,,,,
ipl2026m2,2026,2026-03-29,Eden Gardens,2,13.6,Mumbai Indians,Kolkata Knight Riders,Tilak Varma,Hardik Pandya,Sunil Narine,0,0,0,0,0,0,0,,,,
ipl2026m2,2026,2026-03-29,Eden Gardens,2,14.1,Mumbai Indians,Kolkata Knight Riders,Tilak Varma,Hardik Pandya,Andre Russell,1,0,0,0,0,0,0,,,,
ipl2026m2,2026,2026-03-29,Eden Gardens,2,14.2,Mumbai Indians,Kolkata Knight Riders,Tilak Varma,Hardik Pandya,Venkatesh Iyer,1,0,0,0,0,0,0,,,,
ipl2026m2,2026,2026-03-29,Eden Gardens,2,14.3,Mumbai Indians,Kolkata Knight Riders,Tilak Varma,Hardik Pandya,Harshit Rana,4,0,0,0,0,0,0,,,,
ipl2026m2,2026,2026-03-29,Eden Gardens,2,14.4,Mumbai Indians,Kolkata Knight Riders,Tilak Varma,Hardik Pandya,Varun Chakaravarthy,1,0,0,0,0,0,0,,,,
ipl2026m2,2026,2026-03-29,Eden Gardens,2,14.5,Mumbai Indians,Kolkata Knight Riders,Tilak Varma,Hardik Pandya,Sunil Narine,4,0,0,0,0,0,0,,,,
ipl2026m2,2026,2026-03-29,Eden Gardens,2,14.6,Mumbai Indians,Kolkata Knight Riders,Tilak Varma,Hardik Pandya,Andre Russell,1,0,0,0,0,0,0,,,,
ipl2026m2,2026,2026-03-29,Eden Gardens,2,15.1,Mumbai Indians,Kolkata Knight Riders,Tilak Varma,Hardik Pandya,Harshit Rana,1,0,0,0,0,0,0,caught,Tilak Varma,,
ipl2026m2,2026,2026-03-29,Eden Gardens,2,15.2,Mumbai Indians,Kolkata Knight Riders,Hardik Pandya,Suryakumar Yadav,Harshit Rana,1,0,0,0,0,0,0,,,,
ipl2026m2,2026,2026-03-29,Eden Gardens,2,15.3,Mumbai Indians,Kolkata Knight Riders,Hardik Pandya,Suryakumar Yadav,Varun Chakaravarthy,1,0,0,0,0,0,0,,,,
ipl2026m2,2026,2026-03-29,Eden Gardens,2,15.4,Mumbai Indians,Kolkata Knight Riders,Hardik Pandya,Suryakumar Yadav,Sunil Narine,1,0,0,0,0,0,0,,,,
ipl2026m2,2026,2026-03-29,Eden Gardens,2,15.5,Mumbai Indians,Kolkata Knight Riders,Hardik Pandya,Suryakumar Yadav,Andre Russell,0,0,0,0,0,0,0,,,,
ipl2026m2,2026,2026-03-29,Eden Gardens,2,15.6,Mumbai Indians,Kolkata Knight Riders,Hardik Pandya,Suryakumar Yadav,Venkatesh Iyer,6,0,0,0,0,0,0,,,,
ipl2026m2,2026,2026-03-29,Eden Gardens,2,16.1,Mumbai Indians,Kolkata Knight Riders,Hardik Pandya,Suryakumar Yadav,Harshit Rana,1,0,0,0,0,0,0,,,,
ipl2026m2,2026,2026-03-29,Eden Gardens,2,16.2,Mumbai Indians,Kolkata Knight Riders,Hardik Pandya,Suryakumar Yadav,Varun Chakaravarthy,0,0,0,0,0,0,0,,,,
ipl2026m2,2026,2026-03-29,Eden Gardens,2,16.3,Mumbai Indians,Kolkata Knight Riders,Hardik Pandya,Suryakumar Yadav,Sunil Narine,4,0,0,0,0,0,0,,,,
ipl2026m2,2026,2026-03-29,Eden Gardens,2,16.4,Mumbai Indians,Kolkata Knight Riders,Hardik Pandya,Suryakumar Yadav,Andre Russell,1,0,0,0,0,0,0,,,,
ipl2026m2,2026,2026-03-29,Eden Gardens,2,16.5,Mumbai Indians,Kolkata Knight Riders,Hardik Pandya,Suryakumar Yadav,Varun Chakaravarthy,0,0,0,0,0,0,0,bowled,Hardik Pandya,,
ipl2026m2,2026,2026-03-29,Eden Gardens,2,16.6,Mumbai Indians,Kolkata Knight Riders,Naman Dhir,Suryakumar Yadav,Harshit Rana,1,0,0,0,0,0,0,,,,
ipl2026m2,2026,2026-03-29,Eden Gardens,2,17.1,Mumbai Indians,Kolkata Knight Riders,Naman Dhir,Suryakumar Yadav,Varun Chakaravarthy,1,0,0,0,0,0,0,,,,
ipl2026m2,2026,2026-03-29,Eden Gardens,2,17.2,Mumbai Indians,Kolkata Knight Riders,Naman Dhir,Suryakumar Yadav,Sunil Narine,1,0,0,0,0,0,0,,,,
ipl2026m2,2026,2026-03-29,Eden Gardens,2,17.3,Mumbai Indians,Kolkata Knight Riders,Naman Dhir,Suryakumar Yadav,Andre Russell,1,0,0,0,0,0,0,,,,
ipl2026m2,2026,2026-03-29,Eden Gardens,2,17.4,Mumbai Indians,Kolkata Knight Riders,Naman Dhir,Suryakumar Yadav,Venkatesh Iyer,1,0,0,0,0,0,0,,,,
ipl2026m3,2026,2026-03-30,Barsapara Cricket Stadium,1,1.1,Chennai Super Kings,Rajasthan Royals,Ruturaj Gaikwad,Devon Conway,Jofra Archer,1,0,0,0,0,0,0,,,,
ipl2026m3,2026,2026-03-30,Barsapara Cricket Stadium,1,1.2,Chennai Super Kings,Rajasthan Royals,Ruturaj Gaikwad,Devon Conway,Trent Boult,0,0,0,0,0,0,0,,,,
ipl2026m3,2026,2026-03-30,Barsapara Cricket Stadium,1,1.3,Chennai Super Kings,Rajasthan Royals,Ruturaj Gaikwad,Devon Conway,Riyan Parag,0,0,0,0,0,0,0,,,,
ipl2026m3,2026,2026-03-30,Barsapara Cricket Stadium,1,1.4,Chennai Super Kings,Rajasthan Royals,Ruturaj Gaikwad,Devon Conway,Yashasvi Jaiswal,0,0,0,0,0,0,0,,,,
ipl2026m3,2026,2026-03-30,Barsapara Cricket Stadium,1,1.5,Chennai Super Kings,Rajasthan Royals,Ruturaj Gaikwad,Devon Conway,Sanju Samson,4,0,0,0,0,0,0,,,,
ipl2026m3,2026,2026-03-30,Barsapara Cricket Stadium,1,1.6,Chennai Super Kings,Rajasthan Royals,Ruturaj Gaikwad,Devon Conway,Jofra Archer,1,0,0,0,0,0,0,,,,
ipl2026m3,2026,2026-03-30,Barsapara Cricket Stadium,1,2.1,Chennai Super Kings,Rajasthan Royals,Ruturaj Gaikwad,Devon Conway,Trent Boult,1,0,0,0,0,0,0,,,,
ipl2026m3,2026,2026-03-30,Barsapara Cricket Stadium,1,2.2,Chennai Super Kings,Rajasthan Royals,Ruturaj Gaikwad,Devon Conway,Riyan Parag,1,0,0,0,0,0,0,,,,
ipl2026m3,2026,2026-03-30,Barsapara Cricket Stadium,1,2.3,Chennai Super Kings,Rajasthan Royals,Ruturaj Gaikwad,Devon Conway,Yashasvi Jaiswal,1,0,0,0,0,0,0,,,,
ipl2026m3,2026,2026-03-30,Barsapara Cricket Stadium,1,2.4,Chennai Super Kings,Rajasthan Royals,Ruturaj Gaikwad,Devon Conway,Sanju Samson,1,0,0,0,0,0,0,,,,
ipl2026m3,2026,2026-03-30,Barsapara Cricket Stadium,1,2.5,Chennai Super Kings,Rajasthan Royals,Ruturaj Gaikwad,Devon Conway,Jofra Archer,0,0,0,0,0,0,0,,,,
ipl2026m3,2026,2026-03-30,Barsapara Cricket Stadium,1,2.6,Chennai Super Kings,Rajasthan Royals,Ruturaj Gaikwad,Devon Conway,Trent Boult,1,0,0,0,0,0,0,,,,
ipl2026m3,2026,2026-03-30,Barsapara Cricket Stadium,1,3.1,Chennai Super Kings,Rajasthan Royals,Ruturaj Gaikwad,Devon Conway,Riyan Parag,1,0,0,0,0,0,0,,,,
ipl2026m3,2026,2026-03-30,Barsapara Cricket Stadium,1,3.2,Chennai Super Kings,Rajasthan Royals,Ruturaj Gaikwad,Devon Conway,Yashasvi Jaiswal,1,0,0,0,0,0,0,,,,
ipl2026m3,2026,2026-03-30,Barsapara Cricket Stadium,1,3.3,Chennai Super Kings,Rajasthan Royals,Ruturaj Gaikwad,Devon Conway,Sanju Samson,6,0,0,0,0,0,0,,,,
ipl2026m3,2026,2026-03-30,Barsapara Cricket Stadium,1,3.4,Chennai Super Kings,Rajasthan Royals,Ruturaj Gaikwad,Devon Conway,Jofra Archer,1,0,0,0,0,0,0,,,,
ipl2026m3,2026,2026-03-30,Barsapara Cricket Stadium,1,3.5,Chennai Super Kings,Rajasthan Royals,Ruturaj Gaikwad,Devon Conway,Trent Boult,1,0,0,0,0,0,0,,,,
ipl2026m3,2026,2026-03-30,Barsapara Cricket Stadium,1,3.6,Chennai Super Kings,Rajasthan Royals,Ruturaj Gaikwad,Devon Conway,Riyan Parag,4,0,0,0,0,0,0,,,,
ipl2026m3,2026,2026-03-30,Barsapara Cricket Stadium,1,4.1,Chennai Super Kings,Rajasthan Royals,Ruturaj Gaikwad,Devon Conway,Yashasvi Jaiswal,4,0,0,0,0,0,0,,,,
ipl2026m3,2026,2026-03-30,Barsapara Cricket Stadium,1,4.2,Chennai Super Kings,Rajasthan Royals,Ruturaj Gaikwad,Devon Conway,Sanju Samson,0,0,0,0,0,0,0,,,,
ipl2026m3,2026,2026-03-30,Barsapara Cricket Stadium,1,4.3,Chennai Super Kings,Rajasthan Royals,Ruturaj Gaikwad,Devon Conway,Jofra Archer,1,0,0,0,0,0,0,,,,
ipl2026m3,2026,2026-03-30,Barsapara Cricket Stadium,1,4.4,Chennai Super Kings,Rajasthan Royals,Ruturaj Gaikwad,Devon Conway,Trent Boult,1,0,0,0,0,0,0,,,,
ipl2026m3,2026,2026-03-30,Barsapara Cricket Stadium,1,4.5,Chennai Super Kings,Rajasthan Royals,Ruturaj Gaikwad,Devon Conway,Riyan Parag,1,0,0,0,0,0,0,,,,
ipl2026m3,2026,2026-03-30,Barsapara Cricket Stadium,1,4.6,Chennai Super Kings,Rajasthan Royals,Ruturaj Gaikwad,Devon Conway,Yashasvi Jaiswal,1,0,0,0,0,0,0,,,,
ipl2026m3,2026,2026-03-30,Barsapara Cricket Stadium,1,5.1,Chennai Super Kings,Rajasthan Royals,Ruturaj Gaikwad,Devon Conway,Sanju Samson,0,0,0,0,0,0,0,,,,
ipl2026m3,2026,2026-03-30,Barsapara Cricket Stadium,1,5.2,Chennai Super Kings,Rajasthan Royals,Ruturaj Gaikwad,Devon Conway,Jofra Archer,1,0,0,0,0,0,0,,,,
ipl2026m3,2026,2026-03-30,Barsapara Cricket Stadium,1,5.3,Chennai Super Kings,Rajasthan Royals,Ruturaj Gaikwad,Devon Conway,Trent Boult,1,0,0,0,0,0,0,,,,
ipl2026m3,2026,2026-03-30,Barsapara Cricket Stadium,1,5.4,Chennai Super Kings,Rajasthan Royals,Ruturaj Gaikwad,Devon Conway,Jofra Archer,0,0,0,0,0,0,0,caught,Ruturaj Gaikwad,,
ipl2026m3,2026,2026-03-30,Barsapara Cricket Stadium,1,5.5,Chennai Super Kings,Rajasthan Royals,Devon Conway,Ruturaj Gaikwad,Yashasvi Jaiswal,1,0,0,0,0,0,0,,,,
ipl2026m3,2026,2026-03-30,Barsapara Cricket Stadium,1,5.6,Chennai Super Kings,Rajasthan Royals,Devon Conway,Ruturaj Gaikwad,Sanju Samson,1,0,0,0,0,0,0,,,,
ipl2026m3,2026,2026-03-30,Barsapara Cricket Stadium,1,6.1,Chennai Super Kings,Rajasthan Royals,Devon Conway,Ruturaj Gaikwad,Jofra Archer,0,0,0,0,0,0,0,,,,
ipl2026m3,2026,2026-03-30,Barsapara Cricket Stadium,1,6.2,Chennai Super Kings,Rajasthan Royals,Devon Conway,Ruturaj Gaikwad,Trent Boult,1,0,0,0,0,0,0,,,,
ipl2026m3,2026,2026-03-30,Barsapara Cricket Stadium,1,6.3,Chennai Super Kings,Rajasthan Royals,Devon Conway,Ruturaj Gaikwad,Riyan Parag,1,0,0,0,0,0,0,,,,
ipl2026m3,2026,2026-03-30,Barsapara Cricket Stadium,1,6.4,Chennai Super Kings,Rajasthan Royals,Devon Conway,Ruturaj Gaikwad,Yashasvi Jaiswal,1,0,0,0,0,0,0,,,,
ipl2026m3,2026,2026-03-30,Barsapara Cricket Stadium,1,6.5,Chennai Super Kings,Rajasthan Royals,Devon Conway,Ruturaj Gaikwad,Sanju Samson,1,0,0,0,0,0,0,,,,
ipl2026m3,2026,2026-03-30,Barsapara Cricket Stadium,1,6.6,Chennai Super Kings,Rajasthan Royals,Devon Conway,Ruturaj Gaikwad,Jofra Archer,1,0,0,0,0,0,0,,,,
ipl2026m3,2026,2026-03-30,Barsapara Cricket Stadium,1,7.1,Chennai Super Kings,Rajasthan Royals,Devon Conway,Ruturaj Gaikwad,Trent Boult,1,0,0,0,0,0,0,,,,
ipl2026m3,2026,2026-03-30,Barsapara Cricket Stadium,1,7.2,Chennai Super Kings,Rajasthan Royals,Devon Conway,Ruturaj Gaikwad,Riyan Parag,6,0,0,0,0,0,0,,,,
ipl2026m3,2026,2026-03-30,Barsapara Cricket Stadium,1,7.3,Chennai Super Kings,Rajasthan Royals,Devon Conway,Ruturaj Gaikwad,Yashasvi Jaiswal,1,0,0,0,0,0,0,,,,
ipl2026m3,2026,2026-03-30,Barsapara Cricket Stadium,1,7.4,Chennai Super Kings,Rajasthan Royals,Devon Conway,Ruturaj Gaikwad,Sanju Samson,1,0,0,0,0,0,0,,,,
ipl2026m3,2026,2026-03-30,Barsapara Cricket Stadium,1,7.5,Chennai Super Kings,Rajasthan Royals,Devon Conway,Ruturaj Gaikwad,Jofra Archer,0,0,0,0,0,0,0,,,,
ipl2026m3,2026,2026-03-30,Barsapara Cricket Stadium,1,7.6,Chennai Super Kings,Rajasthan Royals,Devon Conway,Ruturaj Gaikwad,Trent Boult,1,0,0,0,0,0,0,,,,
ipl2026m3,2026,2026-03-30,Barsapara Cricket Stadium,1,8.1,Chennai Super Kings,Rajasthan Royals,Devon Conway,Ruturaj Gaikwad,Riyan Parag,1,0,0,0,0,0,0,,,,
ipl2026m3,2026,2026-03-30,Barsapara Cricket Stadium,1,8.2,Chennai Super Kings,Rajasthan Royals,Devon Conway,Ruturaj Gaikwad,Yashasvi Jaiswal,0,0,0,0,0,0,0,,,,
ipl2026m3,2026,2026-03-30,Barsapara Cricket Stadium,1,8.3,Chennai Super Kings,Rajasthan Royals,Devon Conway,Ruturaj Gaikwad,Sanju Samson,0,0,0,0,0,0,0,,,,
ipl2026m3,2026,2026-03-30,Barsapara Cricket Stadium,1,8.4,Chennai Super Kings,Rajasthan Royals,Devon Conway,Ruturaj Gaikwad,Jofra Archer,1,0,0,0,0,0,0,,,,
ipl2026m3,2026,2026-03-30,Barsapara Cricket Stadium,1,8.5,Chennai Super Kings,Rajasthan Royals,Devon Conway,Ruturaj Gaikwad,Trent Boult,0,0,0,0,0,0,0,,,,
ipl2026m3,2026,2026-03-30,Barsapara Cricket Stadium,1,8.6,Chennai Super Kings,Rajasthan Royals,Devon Conway,Ruturaj Gaikwad,Riyan Parag,4,0,0,0,0,0,0,,,,
ipl2026m3,2026,2026-03-30,Barsapara Cricket Stadium,1,9.1,Chennai Super Kings,Rajasthan Royals,Devon Conway,Ruturaj Gaikwad,Yashasvi Jaiswal,1,0,0,0,0,0,0,,,,
ipl2026m3,2026,2026-03-30,Barsapara Cricket Stadium,1,9.2,Chennai Super Kings,Rajasthan Royals,Devon Conway,Ruturaj Gaikwad,Sanju Samson,1,0,0,0,0,0,0,,,,
ipl2026m3,2026,2026-03-30,Barsapara Cricket Stadium,1,9.3,Chennai Super Kings,Rajasthan Royals,Devon Conway,Ruturaj Gaikwad,Jofra Archer,1,0,0,0,0,0,0,,,,
ipl2026m3,2026,2026-03-30,Barsapara Cricket Stadium,1,9.4,Chennai Super Kings,Rajasthan Royals,Devon Conway,Ruturaj Gaikwad,Trent Boult,0,0,0,0,0,0,0,,,,
ipl2026m3,2026,2026-03-30,Barsapara Cricket Stadium,1,9.5,Chennai Super Kings,Rajasthan Royals,Devon Conway,Ruturaj Gaikwad,Riyan Parag,0,0,0,0,0,0,0,,,,
ipl2026m3,2026,2026-03-30,Barsapara Cricket Stadium,1,9.6,Chennai Super Kings,Rajasthan Royals,Devon Conway,Ruturaj Gaikwad,Yashasvi Jaiswal,0,0,0,0,0,0,0,,,,
ipl2026m3,2026,2026-03-30,Barsapara Cricket Stadium,1,10.1,Chennai Super Kings,Rajasthan Royals,Devon Conway,Ruturaj Gaikwad,Sanju Samson,1,0,0,0,0,0,0,,,,
ipl2026m3,2026,2026-03-30,Barsapara Cricket Stadium,1,10.2,Chennai Super Kings,Rajasthan Royals,Devon Conway,Ruturaj Gaikwad,Jofra Archer,0,0,0,0,0,0,0,,,,
ipl2026m3,2026,2026-03-30,Barsapara Cricket Stadium,1,10.3,Chennai Super Kings,Rajasthan Royals,Devon Conway,Ruturaj Gaikwad,Trent Boult,4,0,0,0,0,0,0,,,,
ipl2026m3,2026,2026-03-30,Barsapara Cricket Stadium,1,10.4,Chennai Super Kings,Rajasthan Royals,Devon Conway,Ruturaj Gaikwad,Riyan Parag,4,0,0,0,0,0,0,,,,
ipl2026m3,2026,2026-03-30,Barsapara Cricket Stadium,1,10.5,Chennai Super Kings,Rajasthan Royals,Devon Conway,Ruturaj Gaikwad,Yashasvi Jaiswal,1,0,0,0,0,0,0,,,,
ipl2026m3,2026,2026-03-30,Barsapara Cricket Stadium,1,10.6,Chennai Super Kings,Rajasthan Royals,Devon Conway,Ruturaj Gaikwad,Sanju Samson,0,0,0,0,0,0,0,,,,
ipl2026m3,2026,2026-03-30,Barsapara Cricket Stadium,1,11.1,Chennai Super Kings,Rajasthan Royals,Devon Conway,Ruturaj Gaikwad,Jofra Archer,1,0,0,0,0,0,0,,,,
ipl2026m3,2026,2026-03-30,Barsapara Cricket Stadium,1,11.2,Chennai Super Kings,Rajasthan Royals,Devon Conway,Ruturaj Gaikwad,Trent Boult,4,0,0,0,0,0,0,,,,
ipl2026m3,2026,2026-03-30,Barsapara Cricket Stadium,1,11.3,Chennai Super Kings,Rajasthan Royals,Devon Conway,Ruturaj Gaikwad,Trent Boult,1,0,0,0,0,0,0,bowled,Devon Conway,,
ipl2026m3,2026,2026-03-30,Barsapara Cricket Stadium,1,11.4,Chennai Super Kings,Rajasthan Royals,Shivam Dube,Ravindra Jadeja,Yashasvi Jaiswal,1,0,0,0,0,0,0,,,,
ipl2026m3,2026,2026-03-30,Barsapara Cricket Stadium,1,11.5,Chennai Super Kings,Rajasthan Royals,Shivam Dube,Ravindra Jadeja,Sanju Samson,0,0,0,0,0,0,0,,,,
ipl2026m3,2026,2026-03-30,Barsapara Cricket Stadium,1,11.6,Chennai Super Kings,Rajasthan Royals,Shivam Dube,Ravindra Jadeja,Jofra Archer,1,0,0,0,0,0,0,,,,
ipl2026m3,2026,2026-03-30,Barsapara Cricket Stadium,1,12.1,Chennai Super Kings,Rajasthan Royals,Shivam Dube,Ravindra Jadeja,Trent Boult,4,0,0,0,0,0,0,,,,
ipl2026m3,2026,2026-03-30,Barsapara Cricket Stadium,1,12.2,Chennai Super Kings,Rajasthan Royals,Shivam Dube,Ravindra Jadeja,Riyan Parag,1,0,0,0,0,0,0,,,,
ipl2026m3,2026,2026-03-30,Barsapara Cricket Stadium,1,12.3,Chennai Super Kings,Rajasthan Royals,Shivam Dube,Ravindra Jadeja,Yashasvi Jaiswal,0,0,0,0,0,0,0,,,,
ipl2026m3,2026,2026-03-30,Barsapara Cricket Stadium,1,12.4,Chennai Super Kings,Rajasthan Royals,Shivam Dube,Ravindra Jadeja,Sanju Samson,1,0,0,0,0,0,0,,,,
ipl2026m3,2026,2026-03-30,Barsapara Cricket Stadium,1,12.5,Chennai Super Kings,Rajasthan Royals,Shivam Dube,Ravindra Jadeja,Jofra Archer,6,0,0,0,0,0,0,,,,
ipl2026m3,2026,2026-03-30,Barsapara Cricket Stadium,1,12.6,Chennai Super Kings,Rajasthan Royals,Shivam Dube,Ravindra Jadeja,Trent Boult,1,0,0,0,0,0,0,,,,
ipl2026m3,2026,2026-03-30,Barsapara Cricket Stadium,1,13.1,Chennai Super Kings,Rajasthan Royals,Shivam Dube,Ravindra Jadeja,Riyan Parag,0,0,0,0,0,0,0,,,,
ipl2026m3,2026,2026-03-30,Barsapara Cricket Stadium,1,13.2,Chennai Super Kings,Rajasthan Royals,Shivam Dube,Ravindra Jadeja,Yashasvi Jaiswal,1,0,0,0,0,0,0,,,,
ipl2026m3,2026,2026-03-30,Barsapara Cricket Stadium,1,13.3,Chennai Super Kings,Rajasthan Royals,Shivam Dube,Ravindra Jadeja,Sanju Samson,1,0,0,0,0,0,0,,,,
ipl2026m3,2026,2026-03-30,Barsapara Cricket Stadium,1,13.4,Chennai Super Kings,Rajasthan Royals,Shivam Dube,Ravindra Jadeja,Jofra Archer,1,0,0,0,0,0,0,,,,
ipl2026m3,2026,2026-03-30,Barsapara Cricket Stadium,1,13.5,Chennai Super Kings,Rajasthan Royals,Shivam Dube,Ravindra Jadeja,Trent Boult,0,0,0,0,0,0,0,,,,
ipl2026m3,2026,2026-03-30,Barsapara Cricket Stadium,1,13.6,Chennai Super Kings,Rajasthan Royals,Shivam Dube,Ravindra Jadeja,Riyan Parag,4,0,0,0,0,0,0,,,,
ipl2026m3,2026,2026-03-30,Barsapara Cricket Stadium,1,14.1,Chennai Super Kings,Rajasthan Royals,Shivam Dube,Ravindra Jadeja,Yashasvi Jaiswal,0,0,0,0,0,0,0,,,,
ipl2026m3,2026,2026-03-30,Barsapara Cricket Stadium,1,14.2,Chennai Super Kings,Rajasthan Royals,Shivam Dube,Ravindra Jadeja,Sanju Samson,6,0,0,0,0,0,0,,,,
ipl2026m3,2026,2026-03-30,Barsapara Cricket Stadium,1,14.3,Chennai Super Kings,Rajasthan Royals,Shivam Dube,Ravindra Jadeja,Jofra Archer,0,0,0,0,0,0,0,caught,Shivam Dube,,
ipl2026m3,2026,2026-03-30,Barsapara Cricket Stadium,1,14.4,Chennai Super Kings,Rajasthan Royals,Ravindra Jadeja,MS Dhoni,Trent Boult,0,0,0,0,0,0,0,,,,
ipl2026m3,2026,2026-03-30,Barsapara Cricket Stadium,1,14.5,Chennai Super Kings,Rajasthan Royals,Ravindra Jadeja,MS Dhoni,Riyan Parag,1,0,0,0,0,0,0,,,,
ipl2026m3,2026,2026-03-30,Barsapara Cricket Stadium,1,14.6,Chennai Super Kings,Rajasthan Royals,Ravindra Jadeja,MS Dhoni,Yashasvi Jaiswal,0,0,0,0,0,0,0,,,,
ipl2026m3,2026,2026-03-30,Barsapara Cricket Stadium,1,15.1,Chennai Super Kings,Rajasthan Royals,Ravindra Jadeja,MS Dhoni,Sanju Samson,4,0,0,0,0,0,0,,,,
ipl2026m3,2026,2026-03-30,Barsapara Cricket Stadium,1,15.2,Chennai Super Kings,Rajasthan Royals,Ravindra Jadeja,MS Dhoni,Jofra Archer,1,0,0,0,0,0,0,,,,
ipl2026m3,2026,2026-03-30,Barsapara Cricket Stadium,1,15.3,Chennai Super Kings,Rajasthan Royals,Ravindra Jadeja,MS Dhoni,Trent Boult,0,0,0,0,0,0,0,,,,
ipl2026m3,2026,2026-03-30,Barsapara Cricket Stadium,1,15.4,Chennai Super Kings,Rajasthan Royals,Ravindra Jadeja,MS Dhoni,Riyan Parag,6,0,0,0,0,0,0,,,,
ipl2026m3,2026,2026-03-30,Barsapara Cricket Stadium,1,15.5,Chennai Super Kings,Rajasthan Royals,Ravindra Jadeja,MS Dhoni,Yashasvi Jaiswal,0,0,0,0,0,0,0,,,,
ipl2026m3,2026,2026-03-30,Barsapara Cricket Stadium,1,15.6,Chennai Super Kings,Rajasthan Royals,Ravindra Jadeja,MS Dhoni,Sanju Samson,1,0,0,0,0,0,0,,,,
ipl2026m3,2026,2026-03-30,Barsapara Cricket Stadium,1,16.1,Chennai Super Kings,Rajasthan Royals,Ravindra Jadeja,MS Dhoni,Jofra Archer,0,0,0,0,0,0,0,,,,
ipl2026m3,2026,2026-03-30,Barsapara Cricket Stadium,1,16.2,Chennai Super Kings,Rajasthan Royals,Ravindra Jadeja,MS Dhoni,Trent Boult,1,0,0,0,0,0,0,,,,
ipl2026m3,2026,2026-03-30,Barsapara Cricket Stadium,1,16.3,Chennai Super Kings,Rajasthan Royals,Ravindra Jadeja,MS Dhoni,Trent Boult,1,0,0,0,0,0,0,bowled,Ravindra Jadeja,,
ipl2026m3,2026,2026-03-30,Barsapara Cricket Stadium,1,16.4,Chennai Super Kings,Rajasthan Royals,MS Dhoni,Deepak Chahar,Yashasvi Jaiswal,1,0,0,0,0,0,0,,,,
ipl2026m3,2026,2026-03-30,Barsapara Cricket Stadium,1,16.5,Chennai Super Kings,Rajasthan Royals,MS Dhoni,Deepak Chahar,Sanju Samson,1,0,0,0,0,0,0,,,,
ipl2026m3,2026,2026-03-30,Barsapara Cricket Stadium,1,16.6,Chennai Super Kings,Rajasthan Royals,MS Dhoni,Deepak Chahar,Jofra Archer,1,0,0,0,0,0,0,,,,
ipl2026m3,2026,2026-03-30,Barsapara Cricket Stadium,1,17.1,Chennai Super Kings,Rajasthan Royals,MS Dhoni,Deepak Chahar,Trent Boult,1,0,0,0,0,0,0,,,,
ipl2026m3,2026,2026-03-30,Barsapara Cricket Stadium,1,17.2,Chennai Super Kings,Rajasthan Royals,MS Dhoni,Deepak Chahar,Riyan Parag,1,0,0,0,0,0,0,,,,
ipl2026m3,2026,2026-03-30,Barsapara Cricket Stadium,1,17.3,Chennai Super Kings,Rajasthan Royals,MS Dhoni,Deepak Chahar,Yashasvi Jaiswal,1,0,0,0,0,0,0,,,,
ipl2026m3,2026,2026-03-30,Barsapara Cricket Stadium,1,17.4,Chennai Super Kings,Rajasthan Royals,MS Dhoni,Deepak Chahar,Sanju Samson,0,0,0,0,0,0,0,,,,
ipl2026m3,2026,2026-03-30,Barsapara Cricket Stadium,1,17.5,Chennai Super Kings,Rajasthan Royals,MS Dhoni,Deepak Chahar,Riyan Parag,6,0,0,0,0,0,0,caught,MS Dhoni,,
ipl2026m3,2026,2026-03-30,Barsapara Cricket Stadium,2,1.1,Rajasthan Royals,Chennai Super Kings,Yashasvi Jaiswal,Sanju Samson,Deepak Chahar,1,0,0,0,0,0,0,,,,
ipl2026m3,2026,2026-03-30,Barsapara Cricket Stadium,2,1.2,Rajasthan Royals,Chennai Super Kings,Yashasvi Jaiswal,Sanju Samson,Ravindra Jadeja,4,0,0,0,0,0,0,,,,
ipl2026m3,2026,2026-03-30,Barsapara Cricket Stadium,2,1.3,Rajasthan Royals,Chennai Super Kings,Yashasvi Jaiswal,Sanju Samson,Shivam Dube,1,0,0,0,0,0,0,,,,
ipl2026m3,2026,2026-03-30,Barsapara Cricket Stadium,2,1.4,Rajasthan Royals,Chennai Super Kings,Yashasvi Jaiswal,Sanju Samson,Devon Conway,1,0,0,0,0,0,0,,,,
ipl2026m3,2026,2026-03-30,Barsapara Cricket Stadium,2,1.5,Rajasthan Royals,Chennai Super Kings,Yashasvi Jaiswal,Sanju Samson,Ruturaj Gaikwad,0,0,0,0,0,0,0,,,,
ipl2026m3,2026,2026-03-30,Barsapara Cricket Stadium,2,1.6,Rajasthan Royals,Chennai Super Kings,Yashasvi Jaiswal,Sanju Samson,Deepak Chahar,4,0,0,0,0,0,0,,,,
ipl2026m3,2026,2026-03-30,Barsapara Cricket Stadium,2,2.1,Rajasthan Royals,Chennai Super Kings,Yashasvi Jaiswal,Sanju Samson,Ravindra Jadeja,1,0,0,0,0,0,0,,,,
ipl2026m3,2026,2026-03-30,Barsapara Cricket Stadium,2,2.2,Rajasthan Royals,Chennai Super Kings,Yashasvi Jaiswal,Sanju Samson,Shivam Dube,1,0,0,0,0,0,0,,,,
ipl2026m3,2026,2026-03-30,Barsapara Cricket Stadium,2,2.3,Rajasthan Royals,Chennai Super Kings,Yashasvi Jaiswal,Sanju Samson,Devon Conway,1,0,0,0,0,0,0,,,,
ipl2026m3,2026,2026-03-30,Barsapara Cricket Stadium,2,2.4,Rajasthan Royals,Chennai Super Kings,Yashasvi Jaiswal,Sanju Samson,Ruturaj Gaikwad,0,0,0,0,0,0,0,,,,
ipl2026m3,2026,2026-03-30,Barsapara Cricket Stadium,2,2.5,Rajasthan Royals,Chennai Super Kings,Yashasvi Jaiswal,Sanju Samson,Deepak Chahar,4,0,0,0,0,0,0,,,,
ipl2026m3,2026,2026-03-30,Barsapara Cricket Stadium,2,2.6,Rajasthan Royals,Chennai Super Kings,Yashasvi Jaiswal,Sanju Samson,Ravindra Jadeja,1,0,0,0,0,0,0,,,,
ipl2026m3,2026,2026-03-30,Barsapara Cricket Stadium,2,3.1,Rajasthan Royals,Chennai Super Kings,Yashasvi Jaiswal,Sanju Samson,Shivam Dube,0,0,0,0,0,0,0,,,,
ipl2026m3,2026,2026-03-30,Barsapara Cricket Stadium,2,3.2,Rajasthan Royals,Chennai Super Kings,Yashasvi Jaiswal,Sanju Samson,Devon Conway,0,0,0,0,0,0,0,,,,
ipl2026m3,2026,2026-03-30,Barsapara Cricket Stadium,2,3.3,Rajasthan Royals,Chennai Super Kings,Yashasvi Jaiswal,Sanju Samson,Ruturaj Gaikwad,1,0,0,0,0,0,0,,,,
ipl2026m3,2026,2026-03-30,Barsapara Cricket Stadium,2,3.4,Rajasthan Royals,Chennai Super Kings,Yashasvi Jaiswal,Sanju Samson,Deepak Chahar,0,0,0,0,0,0,0,,,,
ipl2026m3,2026,2026-03-30,Barsapara Cricket Stadium,2,3.5,Rajasthan Royals,Chennai Super Kings,Yashasvi Jaiswal,Sanju Samson,Ravindra Jadeja,1,0,0,0,0,0,0,,,,
ipl2026m3,2026,2026-03-30,Barsapara Cricket Stadium,2,3.6,Rajasthan Royals,Chennai Super Kings,Yashasvi Jaiswal,Sanju Samson,Shivam Dube,6,0,0,0,0,0,0,,,,
ipl2026m3,2026,2026-03-30,Barsapara Cricket Stadium,2,4.1,Rajasthan Royals,Chennai Super Kings,Yashasvi Jaiswal,Sanju Samson,Devon Conway,0,0,0,0,0,0,0,,,,
ipl2026m3,2026,2026-03-30,Barsapara Cricket Stadium,2,4.2,Rajasthan Royals,Chennai Super Kings,Yashasvi Jaiswal,Sanju Samson,Ruturaj Gaikwad,1,0,0,0,0,0,0,,,,
ipl2026m3,2026,2026-03-30,Barsapara Cricket Stadium,2,4.3,Rajasthan Royals,Chennai Super Kings,Yashasvi Jaiswal,Sanju Samson,Deepak Chahar,0,0,0,0,0,0,0,,,,
ipl2026m3,2026,2026-03-30,Barsapara Cricket Stadium,2,4.4,Rajasthan Royals,Chennai Super Kings,Yashasvi Jaiswal,Sanju Samson,Ravindra Jadeja,1,0,0,0,0,0,0,,,,
ipl2026m3,2026,2026-03-30,Barsapara Cricket Stadium,2,4.5,Rajasthan Royals,Chennai Super Kings,Yashasvi Jaiswal,Sanju Samson,Shivam Dube,1,0,0,0,0,0,0,,,,
ipl2026m3,2026,2026-03-30,Barsapara Cricket Stadium,2,4.6,Rajasthan Royals,Chennai Super Kings,Yashasvi Jaiswal,Sanju Samson,Devon Conway,6,0,0,0,0,0,0,,,,
ipl2026m3,2026,2026-03-30,Barsapara Cricket Stadium,2,5.1,Rajasthan Royals,Chennai Super Kings,Yashasvi Jaiswal,Sanju Samson,Ruturaj Gaikwad,1,0,0,0,0,0,0,,,,
ipl2026m3,2026,2026-03-30,Barsapara Cricket Stadium,2,5.2,Rajasthan Royals,Chennai Super Kings,Yashasvi Jaiswal,Sanju Samson,Deepak Chahar,1,0,0,0,0,0,0,,,,
ipl2026m3,2026,2026-03-30,Barsapara Cricket Stadium,2,5.3,Rajasthan Royals,Chennai Super Kings,Yashasvi Jaiswal,Sanju Samson,Ravindra Jadeja,6,0,0,0,0,0,0,,,,
ipl2026m3,2026,2026-03-30,Barsapara Cricket Stadium,2,5.4,Rajasthan Royals,Chennai Super Kings,Yashasvi Jaiswal,Sanju Samson,Shivam Dube,1,0,0,0,0,0,0,,,,
ipl2026m3,2026,2026-03-30,Barsapara Cricket Stadium,2,5.5,Rajasthan Royals,Chennai Super Kings,Yashasvi Jaiswal,Sanju Samson,Devon Conway,4,0,0,0,0,0,0,,,,
ipl2026m3,2026,2026-03-30,Barsapara Cricket Stadium,2,5.6,Rajasthan Royals,Chennai Super Kings,Yashasvi Jaiswal,Sanju Samson,Ruturaj Gaikwad,1,0,0,0,0,0,0,,,,
ipl2026m3,2026,2026-03-30,Barsapara Cricket Stadium,2,6.1,Rajasthan Royals,Chennai Super Kings,Yashasvi Jaiswal,Sanju Samson,Deepak Chahar,0,0,0,0,0,0,0,,,,
ipl2026m3,2026,2026-03-30,Barsapara Cricket Stadium,2,6.2,Rajasthan Royals,Chennai Super Kings,Yashasvi Jaiswal,Sanju Samson,Ravindra Jadeja,1,0,0,0,0,0,0,,,,
ipl2026m3,2026,2026-03-30,Barsapara Cricket Stadium,2,6.3,Rajasthan Royals,Chennai Super Kings,Yashasvi Jaiswal,Sanju Samson,Shivam Dube,4,0,0,0,0,0,0,,,,
ipl2026m3,2026,2026-03-30,Barsapara Cricket Stadium,2,6.4,Rajasthan Royals,Chennai Super Kings,Yashasvi Jaiswal,Sanju Samson,Devon Conway,0,0,0,0,0,0,0,,,,
ipl2026m3,2026,2026-03-30,Barsapara Cricket Stadium,2,6.5,Rajasthan Royals,Chennai Super Kings,Yashasvi Jaiswal,Sanju Samson,Deepak Chahar,0,0,0,0,0,0,0,caught,Yashasvi Jaiswal,,
ipl2026m3,2026,2026-03-30,Barsapara Cricket Stadium,2,6.6,Rajasthan Royals,Chennai Super Kings,Sanju Samson,Jos Buttler,Deepak Chahar,4,0,0,0,0,0,0,,,,
ipl2026m3,2026,2026-03-30,Barsapara Cricket Stadium,2,7.1,Rajasthan Royals,Chennai Super Kings,Sanju Samson,Jos Buttler,Ravindra Jadeja,0,0,0,0,0,0,0,,,,
ipl2026m3,2026,2026-03-30,Barsapara Cricket Stadium,2,7.2,Rajasthan Royals,Chennai Super Kings,Sanju Samson,Jos Buttler,Shivam Dube,4,0,0,0,0,0,0,,,,
ipl2026m3,2026,2026-03-30,Barsapara Cricket Stadium,2,7.3,Rajasthan Royals,Chennai Super Kings,Sanju Samson,Jos Buttler,Devon Conway,1,0,0,0,0,0,0,,,,
ipl2026m3,2026,2026-03-30,Barsapara Cricket Stadium,2,7.4,Rajasthan Royals,Chennai Super Kings,Sanju Samson,Jos Buttler,Ruturaj Gaikwad,6,0,0,0,0,0,0,,,,
ipl2026m3,2026,2026-03-30,Barsapara Cricket Stadium,2,7.5,Rajasthan Royals,Chennai Super Kings,Sanju Samson,Jos Buttler,Deepak Chahar,1,0,0,0,0,0,0,,,,
ipl2026m3,2026,2026-03-30,Barsapara Cricket Stadium,2,7.6,Rajasthan Royals,Chennai Super Kings,Sanju Samson,Jos Buttler,Ravindra Jadeja,1,0,0,0,0,0,0,,,,
ipl2026m3,2026,2026-03-30,Barsapara Cricket Stadium,2,8.1,Rajasthan Royals,Chennai Super Kings,Sanju Samson,Jos Buttler,Shivam Dube,1,0,0,0,0,0,0,,,,
ipl2026m3,2026,2026-03-30,Barsapara Cricket Stadium,2,8.2,Rajasthan Royals,Chennai Super Kings,Sanju Samson,Jos Buttler,Devon Conway,1,0,0,0,0,0,0,,,,
ipl2026m3,2026,2026-03-30,Barsapara Cricket Stadium,2,8.3,Rajasthan Royals,Chennai Super Kings,Sanju Samson,Jos Buttler,Ruturaj Gaikwad,0,0,0,0,0,0,0,,,,
ipl2026m3,2026,2026-03-30,Barsapara Cricket Stadium,2,8.4,Rajasthan Royals,Chennai Super Kings,Sanju Samson,Jos Buttler,Deepak Chahar,1,0,0,0,0,0,0,,,,
ipl2026m3,2026,2026-03-30,Barsapara Cricket Stadium,2,8.5,Rajasthan Royals,Chennai Super Kings,Sanju Samson,Jos Buttler,Ravindra Jadeja,1,0,0,0,0,0,0,,,,
ipl2026m3,2026,2026-03-30,Barsapara Cricket Stadium,2,8.6,Rajasthan Royals,Chennai Super Kings,Sanju Samson,Jos Buttler,Shivam Dube,1,0,0,0,0,0,0,,,,
ipl2026m3,2026,2026-03-30,Barsapara Cricket Stadium,2,9.1,Rajasthan Royals,Chennai Super Kings,Sanju Samson,Jos Buttler,Devon Conway,1,0,0,0,0,0,0,,,,
ipl2026m3,2026,2026-03-30,Barsapara Cricket Stadium,2,9.2,Rajasthan Royals,Chennai Super Kings,Sanju Samson,Jos Buttler,Ruturaj Gaikwad,4,0,0,0,0,0,0,,,,
ipl2026m3,2026,2026-03-30,Barsapara Cricket Stadium,2,9.3,Rajasthan Royals,Chennai Super Kings,Sanju Samson,Jos Buttler,Deepak Chahar,1,0,0,0,0,0,0,,,,
ipl2026m3,2026,2026-03-30,Barsapara Cricket Stadium,2,9.4,Rajasthan Royals,Chennai Super Kings,Sanju Samson,Jos Buttler,Ravindra Jadeja,1,0,0,0,0,0,0,,,,
ipl2026m3,2026,2026-03-30,Barsapara Cricket Stadium,2,9.5,Rajasthan Royals,Chennai Super Kings,Sanju Samson,Jos Buttler,Shivam Dube,6,0,0,0,0,0,0,,,,
ipl2026m3,2026,2026-03-30,Barsapara Cricket Stadium,2,9.6,Rajasthan Royals,Chennai Super Kings,Sanju Samson,Jos Buttler,Devon Conway,1,0,0,0,0,0,0,,,,
ipl2026m3,2026,2026-03-30,Barsapara Cricket Stadium,2,10.1,Rajasthan Royals,Chennai Super Kings,Sanju Samson,Jos Buttler,Ruturaj Gaikwad,0,0,0,0,0,0,0,,,,
ipl2026m3,2026,2026-03-30,Barsapara Cricket Stadium,2,10.2,Rajasthan Royals,Chennai Super Kings,Sanju Samson,Jos Buttler,Deepak Chahar,1,0,0,0,0,0,0,,,,
ipl2026m3,2026,2026-03-30,Barsapara Cricket Stadium,2,10.3,Rajasthan Royals,Chennai Super Kings,Sanju Samson,Jos Buttler,Ravindra Jadeja,1,0,0,0,0,0,0,,,,
ipl2026m3,2026,2026-03-30,Barsapara Cricket Stadium,2,10.4,Rajasthan Royals,Chennai Super Kings,Sanju Samson,Jos Buttler,Shivam Dube,1,0,0,0,0,0,0,,,,
ipl2026m3,2026,2026-03-30,Barsapara Cricket Stadium,2,10.5,Rajasthan Royals,Chennai Super Kings,Sanju Samson,Jos Buttler,Devon Conway,4,0,0,0,0,0,0,,,,
ipl2026m3,2026,2026-03-30,Barsapara Cricket Stadium,2,10.6,Rajasthan Royals,Chennai Super Kings,Sanju Samson,Jos Buttler,Ruturaj Gaikwad,0,0,0,0,0,0,0,,,,
ipl2026m3,2026,2026-03-30,Barsapara Cricket Stadium,2,11.1,Rajasthan Royals,Chennai Super Kings,Sanju Samson,Jos Buttler,Deepak Chahar,0,0,0,0,0,0,0,,,,
ipl2026m3,2026,2026-03-30,Barsapara Cricket Stadium,2,11.2,Rajasthan Royals,Chennai Super Kings,Sanju Samson,Jos Buttler,Ravindra Jadeja,1,0,0,0,0,0,0,,,,
ipl2026m3,2026,2026-03-30,Barsapara Cricket Stadium,2,11.3,Rajasthan Royals,Chennai Super Kings,Sanju Samson,Jos Buttler,Shivam Dube,1,0,0,0,0,0,0,,,,
ipl2026m3,2026,2026-03-30,Barsapara Cricket Stadium,2,11.4,Rajasthan Royals,Chennai Super Kings,Jos Buttler,Sanju Samson,Devon Conway,1,0,0,0,0,0,0,,,,
ipl2026m3,2026,2026-03-30,Barsapara Cricket Stadium,2,11.5,Rajasthan Royals,Chennai Super Kings,Jos Buttler,Sanju Samson,Ruturaj Gaikwad,0,0,0,0,0,0,0,,,,
ipl2026m3,2026,2026-03-30,Barsapara Cricket Stadium,2,11.6,Rajasthan Royals,Chennai Super Kings,Jos Buttler,Sanju Samson,Deepak Chahar,6,0,0,0,0,0,0,,,,
ipl2026m3,2026,2026-03-30,Barsapara Cricket Stadium,2,12.1,Rajasthan Royals,Chennai Super Kings,Jos Buttler,Sanju Samson,Ravindra Jadeja,0,0,0,0,0,0,0,,,,
ipl2026m3,2026,2026-03-30,Barsapara Cricket Stadium,2,12.2,Rajasthan Royals,Chennai Super Kings,Jos Buttler,Sanju Samson,Shivam Dube,4,0,0,0,0,0,0,,,,
ipl2026m3,2026,2026-03-30,Barsapara Cricket Stadium,2,12.3,Rajasthan Royals,Chennai Super Kings,Jos Buttler,Sanju Samson,Devon Conway,1,0,0,0,0,0,0,,,,
ipl2026m3,2026,2026-03-30,Barsapara Cricket Stadium,2,12.4,Rajasthan Royals,Chennai Super Kings,Jos Buttler,Sanju Samson,Ruturaj Gaikwad,1,0,0,0,0,0,0,,,,
ipl2026m3,2026,2026-03-30,Barsapara Cricket Stadium,2,12.5,Rajasthan Royals,Chennai Super Kings,Jos Buttler,Sanju Samson,Deepak Chahar,0,0,0,0,0,0,0,,,,
ipl2026m3,2026,2026-03-30,Barsapara Cricket Stadium,2,12.6,Rajasthan Royals,Chennai Super Kings,Jos Buttler,Sanju Samson,Ravindra Jadeja,1,0,0,0,0,0,0,,,,
ipl2026m3,2026,2026-03-30,Barsapara Cricket Stadium,2,13.1,Rajasthan Royals,Chennai Super Kings,Jos Buttler,Sanju Samson,Shivam Dube,1,0,0,0,0,0,0,,,,
ipl2026m3,2026,2026-03-30,Barsapara Cricket Stadium,2,13.2,Rajasthan Royals,Chennai Super Kings,Jos Buttler,Sanju Samson,Devon Conway,0,0,0,0,0,0,0,,,,
ipl2026m3,2026,2026-03-30,Barsapara Cricket Stadium,2,13.3,Rajasthan Royals,Chennai Super Kings,Jos Buttler,Sanju Samson,Ruturaj Gaikwad,1,0,0,0,0,0,0,,,,
ipl2026m3,2026,2026-03-30,Barsapara Cricket Stadium,2,13.4,Rajasthan Royals,Chennai Super Kings,Jos Buttler,Sanju Samson,Deepak Chahar,1,0,0,0,0,0,0,,,,
ipl2026m3,2026,2026-03-30,Barsapara Cricket Stadium,2,13.5,Rajasthan Royals,Chennai Super Kings,Jos Buttler,Sanju Samson,Ravindra Jadeja,4,0,0,0,0,0,0,,,,
ipl2026m3,2026,2026-03-30,Barsapara Cricket Stadium,2,13.6,Rajasthan Royals,Chennai Super Kings,Jos Buttler,Sanju Samson,Shivam Dube,1,0,0,0,0,0,0,,,,
